fechahora,0,2,1
2017-01-01 00:00:00,15436.85000000001,33057.429999999964,680944.77
2017-01-01 01:00:00,15036.290000000006,32949.63000000001,634909.1500000004
2017-01-01 02:00:00,14969.460000000001,32300.489999999987,605401.4000000008
2017-01-01 03:00:00,15123.490000000003,31517.0,583775.5600000008
2017-01-01 04:00:00,15287.929999999998,31951.59999999999,568900.0400000002
2017-01-01 05:00:00,16946.170000000006,31288.44999999998,541422.5799999996
2017-01-01 06:00:00,16689.990000000005,30645.629999999976,522068.4300000007
2017-01-01 07:00:00,17029.180000000015,29527.769999999993,546939.7499999994
2017-01-01 08:00:00,17504.92,30257.81999999998,589322.24
2017-01-01 09:00:00,18304.54999999998,29912.869999999977,650487.7100000001
2017-01-01 10:00:00,18968.599999999984,30315.859999999993,683286.0600000012
2017-01-01 11:00:00,19818.00000000001,30701.789999999983,707830.9800000004
2017-01-01 12:00:00,20041.40999999999,30665.85999999999,730971.31
2017-01-01 13:00:00,19524.379999999997,30431.199999999993,716909.8400000003
2017-01-01 14:00:00,19995.439999999995,30727.80999999999,704100.0900000011
2017-01-01 15:00:00,19627.06999999997,30805.52999999997,694881.3099999997
2017-01-01 16:00:00,19655.39,31607.43999999998,683308.5599999991
2017-01-01 17:00:00,19480.649999999983,31449.829999999973,723635.8299999998
2017-01-01 18:00:00,20179.19000000001,32861.29000000001,828996.5800000008
2017-01-01 19:00:00,19542.549999999992,33912.95,853337.42
2017-01-01 20:00:00,19950.76,34649.75,817041.3200000003
2017-01-01 21:00:00,20987.21999999998,35185.65000000001,762088.820000001
2017-01-01 22:00:00,21488.010000000002,38204.19000000003,674067.0999999999
2017-01-01 23:00:00,20262.33,39702.590000000004,609439.0400000007
2017-01-09 00:00:00,21630.829999999984,69028.01,573836.2499999999
2017-01-09 01:00:00,21421.779999999995,72222.67999999998,562366.9000000003
2017-01-09 02:00:00,20647.34,75645.11000000002,545873.5399999999
2017-01-09 03:00:00,19773.709999999992,80346.71999999996,540852.7800000003
2017-01-09 04:00:00,20369.139999999978,81330.17999999993,551593.2999999993
2017-01-09 05:00:00,22629.250000000015,80101.97999999994,573621.930000001
2017-01-09 06:00:00,24055.060000000005,85164.14000000007,572615.5200000007
2017-01-09 07:00:00,24456.290000000005,86565.33000000005,613311.6800000012
2017-01-09 08:00:00,25886.170000000006,87040.48000000001,672195.3100000004
2017-01-09 09:00:00,27781.43000000001,88175.51000000004,730375.360000001
2017-01-09 10:00:00,28249.760000000006,81951.94999999997,782337.9700000016
2017-01-09 11:00:00,28767.570000000007,79986.2900000001,828881.1800000005
2017-01-09 12:00:00,29911.500000000007,84352.91,839410.2400000009
2017-01-09 13:00:00,29885.52000000002,87586.93000000008,815037.9700000013
2017-01-09 14:00:00,28888.009999999984,84801.95999999996,789273.3800000002
2017-01-09 15:00:00,28367.100000000013,85298.23000000007,772209.6600000011
2017-01-09 16:00:00,27965.780000000006,85970.62999999996,765312.5200000007
2017-01-09 17:00:00,28052.939999999977,85876.21999999999,838310.3600000005
2017-01-09 18:00:00,27960.249999999975,85339.49999999994,931839.1700000006
2017-01-09 19:00:00,27699.280000000002,85373.09000000001,925452.6300000002
2017-01-09 20:00:00,27301.579999999994,87916.19,875112.9200000004
2017-01-09 21:00:00,25862.849999999988,89986.76999999999,800713.1700000005
2017-01-09 22:00:00,27515.240000000027,95518.56,710389.360000001
2017-01-09 23:00:00,27722.450000000008,96414.94999999995,608769.94
2017-03-20 00:00:00,21275.720000000012,88763.67,655545.18
2017-03-20 01:00:00,20186.890000000018,86438.29,565703.62
2017-03-20 02:00:00,20086.070000000018,86123.17999999992,551277.3500000007
2017-03-20 03:00:00,20095.830000000005,87227.99,557763.92
2017-03-20 04:00:00,20613.350000000017,84651.21,569253.0300000006
2017-03-20 05:00:00,22526.840000000026,87282.81999999999,590139.49
2017-03-20 06:00:00,24525.72,88319.31000000008,602706.7800000021
2017-03-20 07:00:00,25756.250000000022,90605.43999999999,611768.8300000004
2017-03-20 08:00:00,28347.149999999998,92520.32999999994,747026.0300000019
2017-03-20 09:00:00,29162.530000000017,93420.98000000004,801033.5100000014
2017-03-20 10:00:00,29849.020000000015,97156.05999999995,855067.1300000002
2017-03-20 11:00:00,30580.559999999987,99509.42000000004,891956.2900000018
2017-03-20 12:00:00,31053.520000000022,99848.67000000003,896299.0900000005
2017-03-20 13:00:00,31005.260000000002,94875.62999999993,862284.5600000019
2017-03-20 14:00:00,28842.96,91375.43999999996,844073.9000000003
2017-03-20 15:00:00,27847.630000000012,94805.66999999995,830979.4500000004
2017-03-20 16:00:00,28545.89999999999,95405.49000000003,825969.4300000004
2017-03-20 17:00:00,27254.939999999988,96568.83999999998,860471.8100000003
2017-03-20 18:00:00,27175.879999999976,99503.18999999993,958059.0000000002
2017-03-20 19:00:00,25898.320000000003,97445.16999999995,971922.2900000005
2017-03-20 20:00:00,25447.259999999987,99271.72999999997,922327.9100000008
2017-03-20 21:00:00,26436.989999999998,101131.98999999992,836217.4000000004
2017-03-20 22:00:00,29888.99000000001,106982.73999999987,745741.5399999995
2017-03-20 23:00:00,31180.290000000026,112633.08999999997,732994.860000001
2017-04-13 00:00:00,26167.969999999998,100385.58000000002,643167.1200000008
2017-04-13 01:00:00,25264.069999999985,97645.71999999993,598343.0800000001
2017-04-13 02:00:00,25077.859999999986,97964.86999999994,572385.990000002
2017-04-13 03:00:00,24786.77,96415.74,560119.0100000008
2017-04-13 04:00:00,25145.460000000014,93178.28999999994,579982.900000001
2017-04-13 05:00:00,24627.819999999996,79904.43999999997,597643.4700000009
2017-04-13 06:00:00,23433.809999999983,71115.16999999994,624281.9999999991
2017-04-13 07:00:00,24350.140000000018,70157.87999999996,676346.3900000011
2017-04-13 08:00:00,24383.870000000003,71020.36999999992,730379.4800000003
2017-04-13 09:00:00,25136.93999999999,71752.08000000009,770007.5200000003
2017-04-13 10:00:00,25887.549999999985,74429.14999999994,806049.3700000003
2017-04-13 11:00:00,26719.740000000005,77449.72999999998,844968.730000002
2017-04-13 12:00:00,27441.21999999999,77790.45999999993,857072.2799999999
2017-04-13 13:00:00,26858.24,75011.73999999998,838106.7000000009
2017-04-13 14:00:00,27270.16999999999,69580.23000000003,820387.4000000011
2017-04-13 15:00:00,26912.99,67100.73999999996,795944.4600000026
2017-04-13 16:00:00,26707.85,64348.93999999998,785433.660000001
2017-04-13 17:00:00,25810.069999999978,67332.35999999994,815434.2900000003
2017-04-13 18:00:00,24820.24999999999,67111.30999999998,895251.0800000023
2017-04-13 19:00:00,23757.460000000003,68799.5199999999,907204.0600000008
2017-04-13 20:00:00,23384.270000000004,67898.41999999993,859050.2600000012
2017-04-13 21:00:00,21796.669999999995,66707.06000000003,813846.2300000015
2017-04-13 22:00:00,21607.990000000005,64708.71000000005,694317.7300000004
2017-04-13 23:00:00,20359.429999999993,63843.30000000004,583582.2700000008
2017-04-14 00:00:00,20000.119999999974,64157.95999999999,608160.9500000007
2017-04-14 01:00:00,19019.749999999985,64341.11999999997,580232.4000000008
2017-04-14 02:00:00,18773.76,62925.67000000001,559591.0300000003
2017-04-14 03:00:00,18636.399999999998,61026.52000000002,552317.2000000017
2017-04-14 04:00:00,19809.329999999998,57705.30999999999,560076.6800000012
2017-04-14 05:00:00,20168.830000000005,51623.34999999999,581363.8500000003
2017-04-14 06:00:00,20580.449999999997,52399.900000000016,587607.0800000001
2017-04-14 07:00:00,21028.180000000004,53004.98999999999,648746.01
2017-04-14 08:00:00,21262.64999999999,54997.63999999996,708074.3000000003
2017-04-14 09:00:00,22917.189999999988,54385.55000000001,735815.9599999989
2017-04-14 10:00:00,23321.960000000003,54454.649999999994,756211.2400000015
2017-04-14 11:00:00,22933.27999999999,53769.19999999998,778249.0000000009
2017-04-14 12:00:00,22381.029999999995,55402.26,793459.9499999996
2017-04-14 13:00:00,22385.60000000002,54702.020000000004,776314.93
2017-04-14 14:00:00,22594.280000000006,51967.45000000001,735086.4700000013
2017-04-14 15:00:00,22630.40999999998,50667.70000000002,719410.6500000001
2017-04-14 16:00:00,22288.179999999968,53739.90999999995,716078.3900000005
2017-04-14 17:00:00,22289.64,53060.61000000002,772841.2900000003
2017-04-14 18:00:00,22281.919999999973,54012.52999999995,854756.5000000001
2017-04-14 19:00:00,21923.189999999988,53859.69999999999,850107.2200000013
2017-04-14 20:00:00,21049.49000000001,53244.909999999996,810068.6200000006
2017-04-14 21:00:00,20784.289999999994,52433.45000000001,755224.7699999997
2017-04-14 22:00:00,20747.18,53339.66000000005,767861.3900000006
2017-04-14 23:00:00,20423.52999999999,55171.66000000002,662444.3400000012
2017-05-01 00:00:00,21270.93000000003,85357.79000000002,606157.9800000016
2017-05-01 01:00:00,20669.77000000001,84035.63000000003,572119.0600000009
2017-05-01 02:00:00,20209.690000000013,84157.88,552118.6800000006
2017-05-01 03:00:00,19851.369999999977,84608.48999999998,552241.7200000006
2017-05-01 04:00:00,20322.84000000001,85325.28000000003,562611.6900000016
2017-05-01 05:00:00,21729.969999999998,84805.90000000001,567267.7500000006
2017-05-01 06:00:00,22774.680000000008,86571.26999999997,583171.1700000018
2017-05-01 07:00:00,24833.440000000006,90478.20000000003,651396.6600000012
2017-05-01 08:00:00,26197.939999999995,90890.64999999997,714159.900000001
2017-05-01 09:00:00,28104.50000000001,93279.43999999996,772696.020000001
2017-05-01 10:00:00,29683.97,93730.42000000009,826787.5600000003
2017-05-01 11:00:00,31046.369999999995,93267.67000000006,860229.8400000009
2017-05-01 12:00:00,31163.550000000007,89876.60999999997,886483.1000000003
2017-05-01 13:00:00,30644.670000000016,93344.06000000004,862194.5800000014
2017-05-01 14:00:00,29263.93,90369.51000000001,840876.0600000003
2017-05-01 15:00:00,29438.110000000004,90893.37999999995,812385.3100000012
2017-05-01 16:00:00,28259.23000000001,91937.04999999999,816344.320000001
2017-05-01 17:00:00,27058.52000000001,92153.38,854204.7900000003
2017-05-01 18:00:00,26398.3,93446.38,945668.1800000011
2017-05-01 19:00:00,25712.099999999995,90561.95999999995,953319.7300000006
2017-05-01 20:00:00,25541.280000000028,89922.89000000006,913248.7700000015
2017-05-01 21:00:00,26017.729999999992,83520.63,828184.8800000024
2017-05-01 22:00:00,29491.53999999997,95076.58000000003,725749.8300000007
2017-05-01 23:00:00,29250.72000000001,100796.37000000004,740259.8000000009
2017-05-29 00:00:00,22529.299999999985,69990.16,621038.370000001
2017-05-29 01:00:00,21993.40999999998,70300.03000000007,597971.6400000001
2017-05-29 02:00:00,21982.25,70409.29000000004,585780.8800000012
2017-05-29 03:00:00,22412.56999999999,69648.93000000001,583442.2299999996
2017-05-29 04:00:00,23488.72999999998,69054.22000000004,588238.2700000007
2017-05-29 05:00:00,24602.180000000004,69771.06999999999,597038.8100000004
2017-05-29 06:00:00,27195.600000000006,72922.86999999998,606073.270000002
2017-05-29 07:00:00,29419.95,76965.32000000004,657968.0000000007
2017-05-29 08:00:00,30464.570000000014,73451.15000000004,707772.6100000002
2017-05-29 09:00:00,31031.660000000003,77144.15000000001,774011.840000001
2017-05-29 10:00:00,32057.959999999985,78859.80000000003,837193.3700000003
2017-05-29 11:00:00,32126.810000000005,77784.20000000004,887143.4800000008
2017-05-29 12:00:00,32295.980000000007,79279.95999999995,882790.6100000012
2017-05-29 13:00:00,31712.24999999999,79568.69,862583.1600000025
2017-05-29 14:00:00,30494.98000000003,77164.23999999999,842463.4600000012
2017-05-29 15:00:00,29713.550000000007,78734.25000000001,824607.4600000005
2017-05-29 16:00:00,28508.859999999986,78318.33999999998,813293.8299999994
2017-05-29 17:00:00,28842.039999999975,77124.09000000003,814370.590000002
2017-05-29 18:00:00,28298.13999999998,75779.23999999998,893539.7800000004
2017-05-29 19:00:00,28820.5,76794.5,1006418.6000000017
2017-05-29 20:00:00,28252.579999999994,78973.99999999994,983221.6400000013
2017-05-29 21:00:00,28399.67,80928.91000000005,858624.6700000005
2017-05-29 22:00:00,31424.229999999996,87118.29999999992,748918.2699999997
2017-05-29 23:00:00,32250.28999999998,93558.70000000003,596520.3100000002
2017-06-19 00:00:00,20975.33,69418.76999999996,607225.8900000007
2017-06-19 01:00:00,20245.540000000008,61815.60999999996,575130.0200000014
2017-06-19 02:00:00,19607.120000000014,63854.40999999998,563939.8100000004
2017-06-19 03:00:00,20319.280000000042,72259.76,549932.5699999997
2017-06-19 04:00:00,19546.46000000001,71737.45999999993,554405.8900000007
2017-06-19 05:00:00,20644.56,66810.15999999999,581809.5999999989
2017-06-19 06:00:00,21425.500000000004,75101.45000000001,586957.2800000008
2017-06-19 07:00:00,23063.910000000014,78164.49999999999,624839.6299999999
2017-06-19 08:00:00,25326.870000000028,79815.49000000002,676968.4800000001
2017-06-19 09:00:00,24935.600000000002,80868.74000000002,735645.9299999991
2017-06-19 10:00:00,26132.260000000002,82663.06999999996,796443.0800000003
2017-06-19 11:00:00,26635.450000000026,78794.77999999996,838556.9200000006
2017-06-19 12:00:00,26895.290000000008,79496.55999999995,863056.2199999996
2017-06-19 13:00:00,27028.19999999998,79422.91000000002,856390.13
2017-06-19 14:00:00,26825.730000000014,80179.82,835267.0400000002
2017-06-19 15:00:00,26716.66000000001,80583.48000000005,812973.2900000003
2017-06-19 16:00:00,26040.56999999999,80137.78000000003,794225.4999999995
2017-06-19 17:00:00,24732.559999999994,77289.61999999994,822623.2499999998
2017-06-19 18:00:00,24475.719999999987,78063.88000000003,911462.0200000006
2017-06-19 19:00:00,23789.65,81589.00000000001,963407.0400000007
2017-06-19 20:00:00,24922.10000000001,85811.53000000006,921929.4000000011
2017-06-19 21:00:00,26477.080000000005,88426.22999999998,844285.2000000004
2017-06-19 22:00:00,30549.699999999975,95682.68000000004,815813.3100000012
2017-06-19 23:00:00,33114.32999999998,101074.24000000005,707579.5200000004
2017-06-26 00:00:00,24159.649999999987,95568.35000000003,584214.7200000008
2017-06-26 01:00:00,22392.479999999996,92740.82999999991,569383.190000001
2017-06-26 02:00:00,22749.599999999984,92142.61999999998,573221.0299999996
2017-06-26 03:00:00,22697.72000000001,92851.08999999997,547218.6400000011
2017-06-26 04:00:00,23944.32999999999,91874.40999999999,573159.5300000003
2017-06-26 05:00:00,24235.30999999999,87634.20000000007,584457.1900000002
2017-06-26 06:00:00,26567.90999999999,90628.36000000003,606475.4399999992
2017-06-26 07:00:00,28741.760000000006,95138.74,639349.2699999999
2017-06-26 08:00:00,29431.409999999985,94413.75999999992,706147.5999999995
2017-06-26 09:00:00,30795.32999999998,94609.45000000004,766864.7000000009
2017-06-26 10:00:00,32394.899999999983,96851.88,841311.2599999999
2017-06-26 11:00:00,32785.280000000006,95569.11000000003,876778.7199999996
2017-06-26 12:00:00,33409.47999999996,95765.73000000007,888687.7000000019
2017-06-26 13:00:00,31843.859999999968,94449.66000000003,855748.8700000001
2017-06-26 14:00:00,28677.540000000005,97817.89000000009,825993.4500000008
2017-06-26 15:00:00,29212.199999999993,95365.05999999994,805051.0100000002
2017-06-26 16:00:00,28357.510000000017,92242.21000000015,796155.3800000013
2017-06-26 17:00:00,27055.540000000005,85895.20000000013,839150.0000000001
2017-06-26 18:00:00,25828.029999999995,88221.55000000006,945758.0299999997
2017-06-26 19:00:00,25154.899999999976,91406.83000000006,966486.5100000004
2017-06-26 20:00:00,25052.14000000001,86975.00000000012,915467.0700000006
2017-06-26 21:00:00,26348.339999999993,82984.94000000009,832927.8400000002
2017-06-26 22:00:00,30663.25,90199.60999999994,708244.2200000002
2017-06-26 23:00:00,32327.56999999998,94244.76000000004,658360.57
2017-07-03 00:00:00,21905.729999999992,70820.15,608274.5200000012
2017-07-03 01:00:00,21082.590000000015,71211.35,590095.3900000008
2017-07-03 02:00:00,20710.01,72641.43000000002,563062.5700000002
2017-07-03 03:00:00,20703.609999999997,71384.78,572597.460000001
2017-07-03 04:00:00,20959.869999999984,70430.18000000007,569591.5599999983
2017-07-03 05:00:00,21275.70000000002,69253.09000000005,579502.3500000008
2017-07-03 06:00:00,22733.87000000001,69191.81999999998,600821.4700000011
2017-07-03 07:00:00,25000.34999999998,74394.2,652444.6800000025
2017-07-03 08:00:00,26980.59999999999,70577.57,707863.4500000001
2017-07-03 09:00:00,28404.30000000002,67179.86999999998,783450.0600000012
2017-07-03 10:00:00,30132.900000000005,70578.41,839867.7300000003
2017-07-03 11:00:00,29611.299999999992,75281.84000000007,872928.8100000011
2017-07-03 12:00:00,30095.030000000013,74948.86000000004,877595.8399999995
2017-07-03 13:00:00,29340.33,73489.24999999999,850871.4400000009
2017-07-03 14:00:00,28516.25,74560.92,827824.3200000009
2017-07-03 15:00:00,27874.83000000001,76335.71999999996,818859.77
2017-07-03 16:00:00,26821.05000000003,75370.76,805730.6100000005
2017-07-03 17:00:00,26885.809999999972,74451.85000000006,775194.3700000012
2017-07-03 18:00:00,26662.180000000004,70089.15000000001,942496.0400000013
2017-07-03 19:00:00,27385.77999999999,75642.10000000002,1026614.7999999999
2017-07-03 20:00:00,28664.320000000007,77363.5,935700.9100000004
2017-07-03 21:00:00,28861.66000000001,80505.45999999999,842836.0499999997
2017-07-03 22:00:00,33734.94000000003,86667.60999999997,696043.4400000003
2017-07-03 23:00:00,34779.74999999998,91419.30000000005,624430.9000000008
2017-07-20 00:00:00,34458.92,117386.45999999999,652752.7600000005
2017-07-20 01:00:00,33501.939999999995,118167.27999999997,609728.9600000011
2017-07-20 02:00:00,32453.42,116612.66999999995,594257.5300000003
2017-07-20 03:00:00,32943.729999999996,114695.34999999993,621071.0000000015
2017-07-20 04:00:00,33013.02999999997,115544.00000000006,629659.9199999993
2017-07-20 05:00:00,32946.99999999998,110439.14000000009,628885.04
2017-07-20 06:00:00,34941.36000000003,110596.06999999995,686995.1100000009
2017-07-20 07:00:00,38005.71000000004,113087.41999999998,725807.150000001
2017-07-20 08:00:00,39838.44000000001,111603.16999999997,809536.9000000018
2017-07-20 09:00:00,40390.21000000003,110150.72000000006,852795.5000000003
2017-07-20 10:00:00,41004.62000000003,113303.46,896590.2400000006
2017-07-20 11:00:00,42130.95000000002,114680.73000000008,924272.3500000017
2017-07-20 12:00:00,40585.129999999976,115957.15000000001,933052.1799999998
2017-07-20 13:00:00,36759.40000000004,112987.88999999998,907604.6500000004
2017-07-20 14:00:00,32394.55999999998,110765.70000000003,883962.4
2017-07-20 15:00:00,31566.990000000034,114059.24999999994,857107.7699999992
2017-07-20 16:00:00,30523.73000000003,114869.89000000003,834439.300000001
2017-07-20 17:00:00,29467.239999999994,112467.12000000001,855891.8199999994
2017-07-20 18:00:00,29825.989999999983,110016.52000000009,984127.6700000006
2017-07-20 19:00:00,29897.92,110338.30000000005,996136.8700000001
2017-07-20 20:00:00,29520.63000000002,109678.99999999996,939360.2700000001
2017-07-20 21:00:00,29474.050000000017,106041.22999999995,845042.2299999997
2017-07-20 22:00:00,32867.83,109457.30000000006,757534.3999999996
2017-07-20 23:00:00,33540.289999999986,111693.10999999999,690780.0200000014
2017-08-07 00:00:00,21564.580000000005,78983.24000000005,629764.4999999992
2017-08-07 01:00:00,21669.29000000001,78981.46999999997,600859.6000000003
2017-08-07 02:00:00,20979.90999999999,79596.41999999998,581376.9400000005
2017-08-07 03:00:00,19796.730000000007,79518.75,579608.8999999999
2017-08-07 04:00:00,20220.82,79929.26000000005,594030.9200000006
2017-08-07 05:00:00,20360.800000000014,79014.66999999997,639687.1000000001
2017-08-07 06:00:00,21892.580000000016,82611.27000000002,701293.0199999999
2017-08-07 07:00:00,26552.36999999999,89676.62000000001,722314.3200000003
2017-08-07 08:00:00,28281.76999999999,91110.95000000011,764665.1799999988
2017-08-07 09:00:00,30101.97,92356.61999999991,827459.8000000014
2017-08-07 10:00:00,31589.329999999994,94739.41000000002,880969.0100000004
2017-08-07 11:00:00,31300.45999999998,92636.81000000014,920895.1299999995
2017-08-07 12:00:00,30263.820000000007,91794.69000000005,929184.3499999997
2017-08-07 13:00:00,28661.460000000006,91473.96000000006,893734.1700000003
2017-08-07 14:00:00,27656.97999999999,88875.45,859229.1300000001
2017-08-07 15:00:00,27932.90999999999,91471.53000000004,839944.4599999998
2017-08-07 16:00:00,27376.17000000002,89938.35000000005,827132.34
2017-08-07 17:00:00,27487.480000000003,88675.59000000004,865473.11
2017-08-07 18:00:00,27160.26000000001,91571.92000000009,1004295.8699999999
2017-08-07 19:00:00,27233.82,92347.10999999994,963678.3099999996
2017-08-07 20:00:00,27246.719999999998,95287.61000000002,829604.7200000016
2017-08-07 21:00:00,27000.77999999998,95442.68999999999,837163.5600000003
2017-08-07 22:00:00,31558.010000000013,101450.56,755823.4600000007
2017-08-07 23:00:00,33312.32000000002,103674.31,770235.5100000009
2017-08-21 00:00:00,21467.179999999993,74171.05999999997,605492.4799999999
2017-08-21 01:00:00,21455.919999999995,73792.36000000004,579752.1400000001
2017-08-21 02:00:00,20645.099999999984,74675.47000000003,553705.9199999997
2017-08-21 03:00:00,20276.85,74447.44999999998,559071.1500000006
2017-08-21 04:00:00,20539.089999999986,74968.51000000005,578332.4699999997
2017-08-21 05:00:00,21256.59000000001,74213.17000000004,604985.5099999999
2017-08-21 06:00:00,24042.789999999994,78426.50000000003,623794.1299999999
2017-08-21 07:00:00,26988.120000000014,84650.18999999997,670841.2100000014
2017-08-21 08:00:00,27596.479999999985,90475.87,726699.1800000012
2017-08-21 09:00:00,28760.03000000002,92247.36999999997,786819.8100000008
2017-08-21 10:00:00,30483.09000000003,95677.16999999998,841511.5600000003
2017-08-21 11:00:00,31713.129999999972,97771.0,884443.5200000006
2017-08-21 12:00:00,32347.640000000025,99946.51000000001,888658.3200000016
2017-08-21 13:00:00,31494.69000000001,99409.2800000001,867687.0600000005
2017-08-21 14:00:00,29277.029999999995,96574.98000000004,842131.9300000011
2017-08-21 15:00:00,28242.260000000002,96689.81000000001,819765.199999999
2017-08-21 16:00:00,27615.42,101140.07000000002,797785.879999999
2017-08-21 17:00:00,26841.729999999992,100392.02999999996,829970.2900000005
2017-08-21 18:00:00,26819.449999999997,102068.76000000001,947426.1300000006
2017-08-21 19:00:00,26824.48000000001,103842.31000000004,969397.5399999995
2017-08-21 20:00:00,27383.159999999978,106945.42000000003,929193.7500000006
2017-08-21 21:00:00,27565.259999999987,108596.81,844559.8300000003
2017-08-21 22:00:00,30351.439999999984,112953.79000000001,761009.89
2017-08-21 23:00:00,32671.02,115607.65999999996,767305.4000000003
2017-10-16 00:00:00,22924.119999999974,85129.34000000003,623113.1
2017-10-16 01:00:00,21792.479999999974,85462.99,602989.2800000013
2017-10-16 02:00:00,21541.33,84463.78000000001,581772.6299999988
2017-10-16 03:00:00,22008.110000000008,84896.32999999997,582941.8300000005
2017-10-16 04:00:00,23567.95999999999,85065.55000000006,605174.1199999994
2017-10-16 05:00:00,25150.189999999988,85290.20999999996,596774.4900000007
2017-10-16 06:00:00,27446.489999999976,81995.34000000005,637076.7000000009
2017-10-16 07:00:00,30970.610000000008,85280.81000000006,712696.3099999996
2017-10-16 08:00:00,32824.360000000015,86149.04,779002.3500000002
2017-10-16 09:00:00,34575.6,90350.29000000002,833769.8800000007
2017-10-16 10:00:00,35831.47999999998,92243.14000000009,877319.4800000006
2017-10-16 11:00:00,37250.89,93520.12000000001,913627.1799999999
2017-10-16 12:00:00,37300.300000000025,94603.20999999998,910977.1900000001
2017-10-16 13:00:00,36651.04,92616.26000000005,826083.6500000006
2017-10-16 14:00:00,33699.91999999997,90084.01999999999,856772.240000001
2017-10-16 15:00:00,33157.16999999998,91009.46000000002,842831.5700000005
2017-10-16 16:00:00,31870.8,92959.16999999993,843896.17
2017-10-16 17:00:00,30952.88999999998,93908.90000000004,926948.0100000015
2017-10-16 18:00:00,31662.80000000001,96057.49000000006,1000844.9100000005
2017-10-16 19:00:00,31458.240000000038,99082.9899999999,991575.6099999994
2017-10-16 20:00:00,31338.980000000018,99801.24000000009,942117.1000000004
2017-10-16 21:00:00,30890.25,101204.1100000001,856611.3800000005
2017-10-16 22:00:00,34474.13999999996,106917.51000000001,756053.6300000008
2017-10-16 23:00:00,35549.9,110716.09000000014,702017.2300000003
2017-11-06 00:00:00,20762.840000000004,104160.49000000002,619768.3600000002
2017-11-06 01:00:00,21110.440000000002,100946.66999999988,585056.2000000008
2017-11-06 02:00:00,20710.82,93165.78999999998,553767.9200000013
2017-11-06 03:00:00,20504.089999999997,89659.86000000002,559305.11
2017-11-06 04:00:00,21235.59999999999,89730.56000000006,585802.0400000005
2017-11-06 05:00:00,23186.450000000004,87402.14999999995,620923.3800000007
2017-11-06 06:00:00,26053.640000000007,90480.84000000003,619401.8400000002
2017-11-06 07:00:00,29464.470000000023,96400.94,662881.000000001
2017-11-06 08:00:00,31944.72999999998,103238.84,754796.7500000009
2017-11-06 09:00:00,32720.559999999994,101481.35999999996,814176.0800000011
2017-11-06 10:00:00,33939.52,101868.53999999988,863883.3300000012
2017-11-06 11:00:00,35404.90000000004,103679.59999999996,903548.3300000025
2017-11-06 12:00:00,34740.04999999998,103095.76999999993,917708.0400000011
2017-11-06 13:00:00,34090.289999999986,98003.96999999991,887952.0500000002
2017-11-06 14:00:00,32291.130000000005,96704.57,863350.5900000011
2017-11-06 15:00:00,31515.129999999986,101903.20999999993,786487.4800000004
2017-11-06 16:00:00,31419.419999999962,102352.71,826954.9400000005
2017-11-06 17:00:00,30693.299999999992,101498.51999999995,924178.7200000009
2017-11-06 18:00:00,31103.000000000036,98764.11999999995,1021456.2199999992
2017-11-06 19:00:00,30445.319999999952,100693.80999999997,998068.6600000014
2017-11-06 20:00:00,31122.56,101258.32999999996,924038.3899999994
2017-11-06 21:00:00,31980.150000000005,101248.87999999992,836151.3800000018
2017-11-06 22:00:00,35145.200000000026,106220.65000000004,732857.8699999995
2017-11-06 23:00:00,35473.46999999998,108973.16000000002,656274.9000000012
2017-11-13 00:00:00,22592.24,77798.05,620414.2600000001
2017-11-13 01:00:00,22726.200000000008,82737.17000000001,618680.9000000005
2017-11-13 02:00:00,22947.19000000001,83479.18999999999,600366.5099999997
2017-11-13 03:00:00,22561.559999999983,84435.61999999995,573012.0499999999
2017-11-13 04:00:00,24034.929999999993,81886.52999999996,595456.4499999998
2017-11-13 05:00:00,26182.279999999988,83458.10000000003,619695.0800000012
2017-11-13 06:00:00,28576.279999999977,87795.01999999997,612256.0700000008
2017-11-13 07:00:00,31435.72999999999,94618.20999999999,691397.2899999995
2017-11-13 08:00:00,32419.85,96946.92,762650.7300000009
2017-11-13 09:00:00,33888.82999999997,98871.93999999993,824230.9900000002
2017-11-13 10:00:00,35350.27999999996,99781.07999999999,865122.3000000009
2017-11-13 11:00:00,37143.030000000035,99576.21999999991,901405.4699999992
2017-11-13 12:00:00,37245.470000000045,99373.88999999993,919586.6600000005
2017-11-13 13:00:00,35142.58,99003.04999999996,895529.2199999993
2017-11-13 14:00:00,32534.530000000006,97135.45999999995,850439.9500000005
2017-11-13 15:00:00,32486.989999999983,98675.54999999994,829710.8900000008
2017-11-13 16:00:00,31785.500000000004,97959.45000000001,832935.3900000004
2017-11-13 17:00:00,31469.779999999977,96898.19999999998,922380.6000000003
2017-11-13 18:00:00,31673.390000000014,100976.90999999997,1012546.6700000014
2017-11-13 19:00:00,32489.989999999994,99636.17999999996,978783.979999999
2017-11-13 20:00:00,32484.62000000001,99835.69,909421.7699999999
2017-11-13 21:00:00,34179.17000000001,102318.66999999998,828976.9700000024
2017-11-13 22:00:00,37496.04000000004,106263.44999999995,731816.0499999999
2017-11-13 23:00:00,38683.57999999997,110179.48000000004,651510.3900000013
2017-12-08 00:00:00,32195.76000000001,88979.89999999994,661204.2199999996
2017-12-08 01:00:00,30504.549999999996,88014.27,625994.8200000016
2017-12-08 02:00:00,31005.270000000004,87097.68000000002,610047.1000000004
2017-12-08 03:00:00,31433.319999999985,86162.70999999998,599262.9900000003
2017-12-08 04:00:00,30612.90999999999,89209.2100000001,626429.0000000005
2017-12-08 05:00:00,29046.690000000017,88856.4300000001,640378.8599999989
2017-12-08 06:00:00,28496.530000000035,82331.81999999996,660024.0299999992
2017-12-08 07:00:00,31626.189999999984,82319.99999999999,728257.7700000007
2017-12-08 08:00:00,32976.13999999997,83967.75000000001,786739.4000000001
2017-12-08 09:00:00,34554.64,84154.74999999994,828564.6899999994
2017-12-08 10:00:00,35831.679999999986,85976.04999999989,872104.1000000016
2017-12-08 11:00:00,36679.92999999999,87187.45999999995,915194.6500000001
2017-12-08 12:00:00,34943.19999999999,87794.97999999998,918913.8800000008
2017-12-08 13:00:00,34060.51000000001,85382.93999999996,899152.5700000002
2017-12-08 14:00:00,33359.760000000024,81243.37000000002,879421.9400000005
2017-12-08 15:00:00,33916.72,81708.12999999999,855682.3600000006
2017-12-08 16:00:00,33271.31000000002,80712.50999999998,844170.8699999993
2017-12-08 17:00:00,31784.68000000001,79363.31000000004,923866.9600000005
2017-12-08 18:00:00,31261.75000000002,79950.70999999992,1008162.1100000012
2017-12-08 19:00:00,30691.72999999999,80853.76999999996,953991.7799999994
2017-12-08 20:00:00,29312.770000000004,80913.89999999998,908021.7199999999
2017-12-08 21:00:00,29226.999999999993,78966.92000000003,826014.8600000001
2017-12-08 22:00:00,30197.159999999996,79366.40000000002,757487.9100000013
2017-12-08 23:00:00,30846.699999999997,81152.09999999999,690194.3999999999
2017-12-25 00:00:00,17654.93999999999,37552.85,649367.2299999999
2017-12-25 01:00:00,16905.350000000002,37621.81000000002,630289.6900000011
2017-12-25 02:00:00,16748.630000000016,37703.29000000003,604283.76
2017-12-25 03:00:00,17132.089999999993,39604.56999999999,582267.3599999998
2017-12-25 04:00:00,17216.02000000001,40665.710000000036,576836.550000001
2017-12-25 05:00:00,18293.810000000005,40603.05000000002,574150.3199999994
2017-12-25 06:00:00,19767.980000000018,41755.87000000002,539794.8999999991
2017-12-25 07:00:00,20405.04,42372.41999999999,574966.2800000005
2017-12-25 08:00:00,21285.709999999985,43004.47000000004,624274.7500000002
2017-12-25 09:00:00,22630.31999999999,42639.77000000002,679903.11
2017-12-25 10:00:00,23965.430000000015,44033.570000000014,727031.7700000016
2017-12-25 11:00:00,24781.530000000006,43504.480000000025,759184.6700000007
2017-12-25 12:00:00,25265.550000000014,43594.78000000006,776839.3900000002
2017-12-25 13:00:00,25438.820000000003,44178.35000000001,774077.3100000016
2017-12-25 14:00:00,24811.19999999999,47032.780000000035,755419.5499999989
2017-12-25 15:00:00,24789.039999999975,48300.90999999997,738659.0800000005
2017-12-25 16:00:00,23638.340000000026,48820.90999999999,750968.5799999988
2017-12-25 17:00:00,23172.250000000004,49143.890000000014,817987.8100000017
2017-12-25 18:00:00,23443.179999999997,49627.23000000003,908803.7700000006
2017-12-25 19:00:00,23708.510000000002,49235.50000000001,884110.4400000004
2017-12-25 20:00:00,23763.37999999999,49925.26999999999,837764.95
2017-12-25 21:00:00,24809.48,52055.11000000001,769541.7800000007
2017-12-25 22:00:00,26092.59999999999,55822.84,663671.6999999995
2017-12-25 23:00:00,23945.649999999998,58450.440000000024,549903.9399999984
2018-01-01 00:00:00,17002.28,41383.74000000002,663918.1499999993
2018-01-01 01:00:00,16805.859999999997,39137.44999999998,628620.9500000014
2018-01-01 02:00:00,16588.210000000006,40699.23999999999,601337.0000000002
2018-01-01 03:00:00,16325.370000000003,39868.890000000036,578333.0100000008
2018-01-01 04:00:00,16113.970000000014,39200.54000000002,566977.5000000006
2018-01-01 05:00:00,15908.070000000007,34347.93999999997,588055.5400000005
2018-01-01 06:00:00,17620.079999999984,31941.049999999996,527477.71
2018-01-01 07:00:00,18349.449999999986,31611.49,522732.74000000017
2018-01-01 08:00:00,19311.319999999996,34429.27,592783.770000001
2018-01-01 09:00:00,20431.61000000001,36813.159999999996,638720.0900000003
2018-01-01 10:00:00,20848.950000000015,39893.28000000001,681555.4200000012
2018-01-01 11:00:00,21080.480000000018,40355.74,713831.4400000001
2018-01-01 12:00:00,21392.689999999973,40353.10000000002,726134.2100000003
2018-01-01 13:00:00,21937.359999999997,42786.369999999995,729505.3700000006
2018-01-01 14:00:00,23041.639999999996,42873.21000000004,704221.1900000002
2018-01-01 15:00:00,22965.81000000001,43628.95999999999,700074.93
2018-01-01 16:00:00,22770.88000000001,41239.76000000004,707338.4299999998
2018-01-01 17:00:00,22533.82999999999,42579.71999999998,770543.9199999996
2018-01-01 18:00:00,22256.269999999997,42338.450000000026,850547.6400000006
2018-01-01 19:00:00,22148.69000000002,43525.37000000002,849889.19
2018-01-01 20:00:00,22021.920000000006,46599.98000000001,802815.0800000002
2018-01-01 21:00:00,23172.14,48214.66999999997,728862.0400000014
2018-01-01 22:00:00,23464.300000000007,46705.23,652595.2700000003
2018-01-01 23:00:00,22291.660000000025,51300.439999999995,729935.5500000006
2018-01-08 00:00:00,22459.960000000017,83332.90000000005,603387.4800000008
2018-01-08 01:00:00,22451.569999999996,83794.11000000015,573618.8700000007
2018-01-08 02:00:00,22636.23000000001,80650.87999999998,555905.9200000005
2018-01-08 03:00:00,22036.709999999977,79590.83000000002,558272.7000000014
2018-01-08 04:00:00,23814.210000000003,79600.12999999998,574474.0600000003
2018-01-08 05:00:00,25031.579999999973,81496.22999999994,592050.43
2018-01-08 06:00:00,27030.439999999988,84373.45999999996,596186.7700000004
2018-01-08 07:00:00,29377.250000000007,87239.68999999999,653064.3300000011
2018-01-08 08:00:00,30460.95000000002,87726.5299999999,715925.9200000019
2018-01-08 09:00:00,32767.419999999987,88364.76999999999,761336.5300000003
2018-01-08 10:00:00,34449.39999999997,91178.78999999994,803699.55
2018-01-08 11:00:00,35298.65000000003,90091.84999999989,854029.8800000005
2018-01-08 12:00:00,35191.609999999964,90549.57999999997,864158.120000001
2018-01-08 13:00:00,34121.15,84764.68000000005,845276.9799999999
2018-01-08 14:00:00,32743.600000000013,84200.88999999997,822394.4600000016
2018-01-08 15:00:00,32807.84,82281.17999999995,797250.8300000003
2018-01-08 16:00:00,31817.689999999988,83032.86000000002,795295.6199999998
2018-01-08 17:00:00,30764.71000000005,86551.58999999998,851060.1799999996
2018-01-08 18:00:00,29860.010000000006,87422.62999999996,962235.2700000012
2018-01-08 19:00:00,29355.55999999997,88426.59000000004,953782.9299999998
2018-01-08 20:00:00,28759.929999999968,91614.74000000002,893273.6300000008
2018-01-08 21:00:00,28696.699999999993,90335.1600000001,807136.4000000024
2018-01-08 22:00:00,30451.610000000004,96402.27999999991,702184.0100000006
2018-01-08 23:00:00,30293.509999999995,98377.71,638152.5500000012
2018-03-19 00:00:00,22442.760000000013,96173.84000000005,682472.7000000003
2018-03-19 01:00:00,22395.820000000014,96044.67000000011,648322.6200000006
2018-03-19 02:00:00,22480.630000000005,98133.14000000007,595792.5200000003
2018-03-19 03:00:00,22462.6,98931.0700000001,600161.4800000008
2018-03-19 04:00:00,23644.980000000018,97722.05000000005,609374.39
2018-03-19 05:00:00,25851.999999999993,95785.06999999998,627384.1100000005
2018-03-19 06:00:00,29138.239999999998,102496.09000000003,568070.450000001
2018-03-19 07:00:00,38074.89000000003,108384.70000000001,627364.3600000015
2018-03-19 08:00:00,41784.50999999998,107526.95999999998,760792.5499999999
2018-03-19 09:00:00,42864.26000000004,106171.32000000004,826783.4400000004
2018-03-19 10:00:00,44704.510000000024,108383.23999999993,877554.1499999999
2018-03-19 11:00:00,45359.86999999996,111667.99999999997,917688.3800000002
2018-03-19 12:00:00,45486.91000000005,114506.92999999989,925833.7700000008
2018-03-19 13:00:00,43699.84999999996,112406.67999999993,903178.8200000009
2018-03-19 14:00:00,41455.22000000002,111907.37999999998,873541.9400000012
2018-03-19 15:00:00,39784.42000000006,113495.56999999999,858321.2500000012
2018-03-19 16:00:00,38416.040000000015,108949.16999999998,838636.6300000016
2018-03-19 17:00:00,38262.57,111002.09000000001,873857.0999999996
2018-03-19 18:00:00,33389.18,112205.76000000004,974871.4400000005
2018-03-19 19:00:00,30876.070000000014,111391.15000000005,1002588.7200000006
2018-03-19 20:00:00,30749.68999999999,111929.42000000003,940670.910000001
2018-03-19 21:00:00,31279.82,113195.97000000003,851101.4000000006
2018-03-19 22:00:00,33213.189999999995,113754.12000000002,772220.3200000008
2018-03-19 23:00:00,34531.939999999995,115651.79000000008,797981.4399999997
2018-03-29 00:00:00,28286.840000000007,105484.65000000002,670762.9500000011
2018-03-29 01:00:00,28358.580000000005,104019.78999999998,612416.2900000006
2018-03-29 02:00:00,27009.02999999997,102706.39999999997,593174.4000000004
2018-03-29 03:00:00,27433.30999999996,102659.95000000008,580613.9500000005
2018-03-29 04:00:00,27249.100000000002,99835.20999999995,598707.6600000001
2018-03-29 05:00:00,27195.28,86909.26000000001,625079.9799999999
2018-03-29 06:00:00,27317.450000000008,85767.83000000005,637552.2400000013
2018-03-29 07:00:00,28560.87999999998,86550.75000000004,675505.3400000004
2018-03-29 08:00:00,28897.510000000002,86922.33999999995,738375.9900000003
2018-03-29 09:00:00,30147.59000000003,87920.18000000005,784985.8400000031
2018-03-29 10:00:00,31119.86999999999,92672.43000000005,814883.7800000004
2018-03-29 11:00:00,32240.590000000015,92853.20999999998,858037.9000000008
2018-03-29 12:00:00,32316.65000000001,88679.51000000007,870186.3000000004
2018-03-29 13:00:00,30809.52999999997,82347.66000000005,855679.3599999996
2018-03-29 14:00:00,29629.10999999999,81681.45000000004,828386.4700000024
2018-03-29 15:00:00,29653.92000000001,82430.92999999993,804729.5599999998
2018-03-29 16:00:00,28738.530000000017,82651.04000000004,787402.1900000017
2018-03-29 17:00:00,28261.359999999986,81587.55,810740.2000000015
2018-03-29 18:00:00,27705.189999999977,79697.64000000004,915534.2500000003
2018-03-29 19:00:00,26533.110000000004,78413.45999999998,921026.6800000009
2018-03-29 20:00:00,25115.039999999983,77461.17000000004,865944.1600000008
2018-03-29 21:00:00,24567.509999999995,75554.19000000003,806843.1800000012
2018-03-29 22:00:00,23906.67,75055.30000000002,781919.7900000009
2018-03-29 23:00:00,21747.139999999996,76236.63000000005,804885.9100000011
2018-03-30 00:00:00,21139.69,74664.65000000004,613346.110000001
2018-03-30 01:00:00,20392.659999999993,75130.74000000008,578239.2300000006
2018-03-30 02:00:00,20177.269999999982,74437.73999999999,561056.2800000021
2018-03-30 03:00:00,20422.76999999997,74688.12000000008,553790.7600000002
2018-03-30 04:00:00,21035.759999999973,73914.04000000007,563574.1900000006
2018-03-30 05:00:00,22418.85,70455.76000000002,578652.8800000005
2018-03-30 06:00:00,23187.299999999992,67834.30999999998,591580.4900000008
2018-03-30 07:00:00,24056.899999999998,68751.16000000005,651929.53
2018-03-30 08:00:00,23886.910000000033,69672.32,725057.5299999999
2018-03-30 09:00:00,24011.09999999999,69877.84999999998,747274.8000000012
2018-03-30 10:00:00,25486.500000000007,69907.13,755291.2900000011
2018-03-30 11:00:00,26661.06000000001,70268.45999999998,781412.3699999999
2018-03-30 12:00:00,26569.940000000002,70881.19000000003,809986.1900000013
2018-03-30 13:00:00,26609.50000000001,70843.28999999998,799423.5400000019
2018-03-30 14:00:00,26680.940000000006,69778.04,769375.7800000013
2018-03-30 15:00:00,26975.41999999999,69999.69000000003,745154.260000001
2018-03-30 16:00:00,26709.449999999993,69356.59000000001,747850.4900000005
2018-03-30 17:00:00,25572.209999999995,66594.23,766343.0700000004
2018-03-30 18:00:00,25417.609999999993,67393.90999999996,859953.9300000009
2018-03-30 19:00:00,24297.320000000007,67967.35,862552.4300000013
2018-03-30 20:00:00,23333.100000000013,62563.98000000001,816915.6600000012
2018-03-30 21:00:00,22794.769999999982,56032.71999999998,775670.7600000014
2018-03-30 22:00:00,22945.179999999982,59151.14000000003,716232.2700000012
2018-03-30 23:00:00,21729.979999999985,63571.55999999997,645849.9600000005
2018-05-01 00:00:00,28864.399999999994,112317.23000000004,633865.9200000016
2018-05-01 01:00:00,28272.39999999999,112428.43000000007,640545.4200000002
2018-05-01 02:00:00,27696.339999999997,112281.41999999998,623515.7500000005
2018-05-01 03:00:00,28389.219999999987,111335.38000000015,585939.0500000004
2018-05-01 04:00:00,29020.88999999998,111149.49000000005,616178.5200000001
2018-05-01 05:00:00,28895.459999999977,105439.96999999997,657870.7700000011
2018-05-01 06:00:00,29356.179999999986,104186.42000000013,637256.1400000006
2018-05-01 07:00:00,32308.489999999998,106336.12,684805.3100000002
2018-05-01 08:00:00,33606.87999999999,95528.23,696930.1799999988
2018-05-01 09:00:00,34898.05999999998,94644.14000000001,784177.62
2018-05-01 10:00:00,35959.10999999999,94604.25000000013,883429.4100000011
2018-05-01 11:00:00,36402.049999999974,93448.53000000007,927443.3700000014
2018-05-01 12:00:00,36545.25000000005,93574.3,984756.4000000003
2018-05-01 13:00:00,34989.129999999954,88261.79000000001,905790.8000000005
2018-05-01 14:00:00,33047.63999999997,87235.11,897677.6299999999
2018-05-01 15:00:00,32356.829999999984,89500.84999999996,874208.7700000004
2018-05-01 16:00:00,31392.150000000012,91488.54000000005,773265.6199999995
2018-05-01 17:00:00,29876.380000000005,90919.00000000009,862311.2199999994
2018-05-01 18:00:00,29285.80000000001,90689.73,979121.5399999993
2018-05-01 19:00:00,30171.819999999963,90557.72000000007,999703.7100000003
2018-05-01 20:00:00,30063.14999999999,92374.72999999997,965179.6400000002
2018-05-01 21:00:00,31055.160000000003,91350.99000000008,894673.8400000005
2018-05-01 22:00:00,35037.460000000036,95397.15000000002,767629.3800000001
2018-05-01 23:00:00,36395.43,99914.1,676235.2800000005
2018-05-14 00:00:00,23932.79000000001,65206.440000000024,621592.4500000011
2018-05-14 01:00:00,22844.42999999999,65095.95999999997,582506.3899999999
2018-05-14 02:00:00,22216.489999999983,66117.66999999998,561061.4300000002
2018-05-14 03:00:00,22073.179999999975,65882.81000000007,547661.8800000002
2018-05-14 04:00:00,22449.70000000002,64328.02000000005,564198.81
2018-05-14 05:00:00,23735.039999999983,65954.86000000003,581067.5199999992
2018-05-14 06:00:00,26743.11999999999,70628.18000000004,589013.5400000013
2018-05-14 07:00:00,29217.719999999987,77912.42000000006,643360.6800000006
2018-05-14 08:00:00,30314.280000000017,80837.36000000002,697506.8300000016
2018-05-14 09:00:00,31850.93999999999,84556.03999999992,770331.0200000003
2018-05-14 10:00:00,33621.15000000001,85865.94000000009,822626.3099999997
2018-05-14 11:00:00,34555.96000000002,86242.34000000004,869991.6400000008
2018-05-14 12:00:00,34921.700000000004,87687.96999999996,893233.2300000008
2018-05-14 13:00:00,35003.58000000004,86031.85000000006,873757.2699999998
2018-05-14 14:00:00,32541.96999999999,83250.65000000005,852267.2199999996
2018-05-14 15:00:00,31292.47000000001,85390.7300000001,825914.9799999995
2018-05-14 16:00:00,30531.089999999997,81559.53999999998,824499.7199999999
2018-05-14 17:00:00,29758.700000000008,82972.96000000002,855702.3400000009
2018-05-14 18:00:00,30104.56,86977.0900000001,965198.5300000003
2018-05-14 19:00:00,30733.93000000001,89220.50000000009,982334.0500000003
2018-05-14 20:00:00,29518.089999999975,91067.15000000013,916989.6900000013
2018-05-14 21:00:00,29910.199999999986,94969.0999999999,827802.2000000005
2018-05-14 22:00:00,32742.90999999997,99062.42999999998,741316.1000000009
2018-05-14 23:00:00,33570.62,106214.78,785056.8400000009
2018-06-04 00:00:00,23443.40999999997,69981.60999999988,636987.3700000014
2018-06-04 01:00:00,23184.48999999999,72918.33999999997,598342.2300000006
2018-06-04 02:00:00,23327.07999999998,80977.09,579209.4500000016
2018-06-04 03:00:00,23866.05999999997,80501.39999999998,574695.1300000012
2018-06-04 04:00:00,25803.089999999997,75273.70000000003,585223.0400000004
2018-06-04 05:00:00,27269.64,73020.21999999993,594553.510000001
2018-06-04 06:00:00,32019.019999999986,74515.82000000002,615156.2700000014
2018-06-04 07:00:00,42246.11000000001,79138.34999999998,688731.7800000001
2018-06-04 08:00:00,44951.62,80935.93,744036.9200000005
2018-06-04 09:00:00,43429.470000000016,79968.87000000002,808671.1300000012
2018-06-04 10:00:00,46435.63999999991,81691.26999999996,865604.6200000001
2018-06-04 11:00:00,47640.840000000004,82349.94999999997,906730.9900000017
2018-06-04 12:00:00,48847.75000000001,83507.10999999991,927068.6800000005
2018-06-04 13:00:00,48174.45000000002,79798.77999999998,905435.6100000012
2018-06-04 14:00:00,46301.95999999999,81253.47,873840.6900000011
2018-06-04 15:00:00,45211.50999999997,82569.86000000003,851966.8199999997
2018-06-04 16:00:00,44911.300000000025,83190.9,829790.0800000002
2018-06-04 17:00:00,44135.559999999976,84434.62,759448.8400000002
2018-06-04 18:00:00,43824.070000000036,82646.23999999993,889621.610000001
2018-06-04 19:00:00,43526.70999999998,82173.45999999996,1019349.8200000009
2018-06-04 20:00:00,43389.71000000003,84710.14999999986,967134.2400000009
2018-06-04 21:00:00,43754.450000000026,87635.35,886317.8699999995
2018-06-04 22:00:00,46422.38,94955.89999999994,876169.8100000009
2018-06-04 23:00:00,47390.740000000056,98404.76999999999,712943.9100000007
2018-06-11 00:00:00,23267.13,78479.44000000002,626828.0900000005
2018-06-11 01:00:00,22936.31000000001,79152.49,603403.7899999996
2018-06-11 02:00:00,23237.149999999972,77622.25000000003,583865.0500000011
2018-06-11 03:00:00,22644.80999999998,79692.07000000007,579766.9900000001
2018-06-11 04:00:00,23689.899999999983,80063.08999999998,594867.6699999992
2018-06-11 05:00:00,25525.24,77729.93000000001,614546.4399999994
2018-06-11 06:00:00,29028.109999999982,81940.93,627143.3299999995
2018-06-11 07:00:00,32568.210000000006,86139.7,682334.93
2018-06-11 08:00:00,33703.98999999998,87530.8499999999,751441.8500000007
2018-06-11 09:00:00,35356.810000000005,88704.86000000002,818228.4300000004
2018-06-11 10:00:00,37394.83999999999,92325.44999999994,866302.0100000006
2018-06-11 11:00:00,38541.80000000005,92651.37000000001,897011.3600000018
2018-06-11 12:00:00,37501.57999999996,91509.62999999998,920666.4400000012
2018-06-11 13:00:00,35475.72000000001,90140.8699999999,896497.9400000006
2018-06-11 14:00:00,33898.08999999995,88744.17000000001,867824.9600000004
2018-06-11 15:00:00,33641.18000000001,91266.02999999996,845308.5599999999
2018-06-11 16:00:00,32503.429999999986,94584.29999999996,828724.8400000002
2018-06-11 17:00:00,32267.539999999968,94557.32000000004,851329.1600000011
2018-06-11 18:00:00,32286.259999999984,94408.55000000002,955042.2100000011
2018-06-11 19:00:00,31384.95,90628.01000000005,986666.1799999999
2018-06-11 20:00:00,30933.59999999999,88794.59999999998,935250.0300000004
2018-06-11 21:00:00,31139.939999999984,89161.70000000003,853967.3900000004
2018-06-11 22:00:00,34376.48000000002,96102.91999999998,759529.5700000012
2018-06-11 23:00:00,35293.789999999986,102871.80000000002,666498.5699999995
2018-07-02 00:00:00,22395.859999999997,81553.62000000005,624677.790000001
2018-07-02 01:00:00,22024.300000000003,81699.85000000005,589848.0700000016
2018-07-02 02:00:00,21517.350000000013,81412.33000000002,569395.0800000005
2018-07-02 03:00:00,21822.11999999998,80754.14000000009,555405.8100000005
2018-07-02 04:00:00,22305.169999999973,79879.76,564283.1799999995
2018-07-02 05:00:00,24125.839999999982,78087.02999999998,578465.1100000002
2018-07-02 06:00:00,26780.94000000001,91599.24999999996,585602.2000000015
2018-07-02 07:00:00,28201.74999999998,94763.08000000009,629785.0500000011
2018-07-02 08:00:00,29286.410000000003,87433.53000000006,714963.860000002
2018-07-02 09:00:00,31748.150000000005,88863.37000000002,796868.8899999997
2018-07-02 10:00:00,34018.29000000002,85734.6200000001,841870.8099999992
2018-07-02 11:00:00,34803.98,84622.1600000001,886221.8700000001
2018-07-02 12:00:00,34638.839999999975,83914.68000000002,902571.8900000004
2018-07-02 13:00:00,34580.82000000004,80493.02000000002,886096.3200000006
2018-07-02 14:00:00,33547.60999999999,80057.10999999997,848605.7100000005
2018-07-02 15:00:00,33429.32999999999,80823.18999999997,832904.500000001
2018-07-02 16:00:00,32627.13999999999,82924.44000000005,813557.0999999993
2018-07-02 17:00:00,31633.780000000002,82395.15999999997,815646.3800000005
2018-07-02 18:00:00,31101.299999999992,82264.60000000002,910906.8500000016
2018-07-02 19:00:00,30068.48,83081.93000000002,981795.7000000009
2018-07-02 20:00:00,29359.949999999983,83526.55000000002,939609.1900000012
2018-07-02 21:00:00,29773.23,78705.1,848763.0800000024
2018-07-02 22:00:00,33252.219999999965,84376.70999999999,745302.9300000004
2018-07-02 23:00:00,32067.27999999999,87222.75000000003,658489.2700000012
2018-07-20 00:00:00,38657.37,126901.15000000004,686694.8600000008
2018-07-20 01:00:00,37082.35,125371.01999999999,643768.4300000003
2018-07-20 02:00:00,37015.799999999945,122465.39000000007,623116.9200000007
2018-07-20 03:00:00,36749.200000000004,119345.26000000007,617219.2399999996
2018-07-20 04:00:00,36948.96999999998,116483.27999999998,637127.4799999996
2018-07-20 05:00:00,35205.81000000008,109605.07999999986,659459.8600000001
2018-07-20 06:00:00,36616.59000000002,113910.79999999994,664354.8000000007
2018-07-20 07:00:00,39896.460000000014,117098.70000000003,732070.5599999995
2018-07-20 08:00:00,41792.500000000044,116654.01,799658.6300000001
2018-07-20 09:00:00,42712.890000000014,117463.34,858448.1999999996
2018-07-20 10:00:00,44996.11999999997,121737.76999999997,907285.5600000018
2018-07-20 11:00:00,45602.51000000004,121125.98999999999,951736.2800000005
2018-07-20 12:00:00,44852.68,119536.73999999996,966226.6900000011
2018-07-20 13:00:00,42452.43000000003,116701.88000000002,943960.4600000002
2018-07-20 14:00:00,39454.08000000002,112851.24000000006,908547.150000001
2018-07-20 15:00:00,38730.32999999994,114903.61000000002,890384.1599999996
2018-07-20 16:00:00,38414.63000000004,114856.49999999999,870066.6400000007
2018-07-20 17:00:00,38068.809999999976,111685.09000000003,860931.4300000006
2018-07-20 18:00:00,36930.280000000035,110440.22999999997,961245.94
2018-07-20 19:00:00,37166.150000000016,109382.37000000007,1034325.310000002
2018-07-20 20:00:00,35104.56000000005,105865.71,990334.0700000013
2018-07-20 21:00:00,33546.14000000002,99483.12999999999,920416.7600000006
2018-07-20 22:00:00,33211.05,99877.45000000013,839021.1900000005
2018-07-20 23:00:00,33050.74999999998,102066.94000000012,752132.3400000001
2018-08-07 00:00:00,31970.50999999999,110602.7,652584.9900000003
2018-08-07 01:00:00,31696.64999999997,111685.61000000003,615226.3499999995
2018-08-07 02:00:00,31452.170000000002,111303.05999999997,592600.0800000008
2018-08-07 03:00:00,30884.73999999998,111943.87000000001,586473.6500000003
2018-08-07 04:00:00,31389.07,110305.19000000002,605848.5200000008
2018-08-07 05:00:00,32295.64999999999,107273.86000000009,630315.97
2018-08-07 06:00:00,34786.079999999994,110498.49999999991,624419.1800000013
2018-08-07 07:00:00,38123.969999999965,113662.33000000003,684863.6600000012
2018-08-07 08:00:00,38674.990000000005,113275.6099999999,761929.5999999993
2018-08-07 09:00:00,40793.76000000003,115493.56000000001,825970.4200000014
2018-08-07 10:00:00,42072.040000000015,116012.02999999997,885779.2200000018
2018-08-07 11:00:00,42695.47000000001,116752.54,939273.8900000006
2018-08-07 12:00:00,42067.74000000002,115948.37999999996,959679.0600000008
2018-08-07 13:00:00,40424.02000000006,114150.20999999996,936679.3600000005
2018-08-07 14:00:00,37621.48000000001,112159.87000000005,904371.5800000004
2018-08-07 15:00:00,37166.54000000003,113767.72999999998,884541.4100000012
2018-08-07 16:00:00,36515.17000000007,113478.75999999995,870364.3900000005
2018-08-07 17:00:00,34904.599999999984,112300.89000000003,861661.4300000003
2018-08-07 18:00:00,35000.130000000034,113268.05999999997,965990.0600000006
2018-08-07 19:00:00,35180.70999999995,116012.2,1037222.3100000015
2018-08-07 20:00:00,35182.09999999997,115236.34000000005,991092.9200000012
2018-08-07 21:00:00,36437.40000000006,115324.15999999997,911971.4799999993
2018-08-07 22:00:00,39833.99999999999,119308.55000000015,803839.2400000001
2018-08-07 23:00:00,39852.66,120439.41999999998,706864.9599999991
2018-08-20 00:00:00,25360.639999999974,89889.20999999996,648746.6199999992
2018-08-20 01:00:00,24796.35,90473.98000000005,608794.0100000005
2018-08-20 02:00:00,24562.61999999999,91726.69999999995,590202.8099999997
2018-08-20 03:00:00,24506.83999999998,91570.2999999999,579775.7900000012
2018-08-20 04:00:00,25525.54999999999,91282.34999999998,590557.7900000006
2018-08-20 05:00:00,27740.6,91794.49999999996,608932.0099999993
2018-08-20 06:00:00,30390.049999999985,96045.13999999997,604404.3800000001
2018-08-20 07:00:00,32900.40000000001,102004.36999999995,665327.4200000007
2018-08-20 08:00:00,34625.73000000002,102175.32,742423.5700000006
2018-08-20 09:00:00,36184.60000000001,101504.7700000001,804614.5299999989
2018-08-20 10:00:00,37394.88000000003,104026.73999999998,859519.41
2018-08-20 11:00:00,38331.82000000004,105649.13000000005,912608.8099999998
2018-08-20 12:00:00,39546.41999999998,106868.48999999993,939002.4500000007
2018-08-20 13:00:00,38655.84000000001,105634.14000000001,918238.5400000007
2018-08-20 14:00:00,36408.99999999998,102383.16999999998,883351.1899999998
2018-08-20 15:00:00,35389.63000000005,103082.80999999994,853247.15
2018-08-20 16:00:00,34587.72999999998,98708.40999999992,837498.9800000011
2018-08-20 17:00:00,33559.36999999996,102056.72999999995,830197.4500000007
2018-08-20 18:00:00,33483.450000000004,102055.16000000002,938063.2000000002
2018-08-20 19:00:00,34271.46000000001,103884.21999999997,1024183.8300000005
2018-08-20 20:00:00,34267.77000000001,106268.10999999994,984875.9700000009
2018-08-20 21:00:00,36670.27000000003,108333.75999999998,893755.7400000016
2018-08-20 22:00:00,40555.43000000003,116480.85000000002,786337.7200000002
2018-08-20 23:00:00,40486.97000000004,119365.36999999998,693593.5999999999
2018-10-15 00:00:00,25445.920000000006,101013.36999999995,638495.3500000016
2018-10-15 01:00:00,24897.28000000001,93631.83000000006,604374.5100000018
2018-10-15 02:00:00,23941.869999999966,91192.05000000006,584131.6000000009
2018-10-15 03:00:00,24231.12,91642.93,577371.9400000011
2018-10-15 04:00:00,24909.060000000016,91871.11000000004,591663.3900000006
2018-10-15 05:00:00,27175.580000000005,92534.44999999997,614079.7600000014
2018-10-15 06:00:00,30664.729999999996,95119.50999999997,605085.2999999999
2018-10-15 07:00:00,33267.79000000001,99892.21999999999,653450.4600000009
2018-10-15 08:00:00,34387.199999999975,99967.64999999998,736502.53
2018-10-15 09:00:00,36272.230000000025,98991.01999999987,805832.0900000017
2018-10-15 10:00:00,39032.44,104544.10000000002,865213.140000002
2018-10-15 11:00:00,40331.52000000001,105090.24999999999,916547.0700000023
2018-10-15 12:00:00,39814.73,106940.14000000003,934016.7800000012
2018-10-15 13:00:00,38570.04000000001,105182.06000000001,915191.2800000007
2018-10-15 14:00:00,36708.560000000034,102230.51999999997,880192.0600000013
2018-10-15 15:00:00,36613.929999999964,100671.02999999997,858542.530000001
2018-10-15 16:00:00,35986.91000000001,101396.23999999995,846118.4299999998
2018-10-15 17:00:00,35452.82000000003,102134.43999999996,866448.280000002
2018-10-15 18:00:00,35621.04999999996,102577.24000000002,1010901.5300000005
2018-10-15 19:00:00,35278.160000000025,102303.68000000001,1024784.9300000014
2018-10-15 20:00:00,35249.46000000006,102176.83999999987,967488.9900000002
2018-10-15 21:00:00,35432.19999999999,103544.51000000001,887062.7400000015
2018-10-15 22:00:00,38218.31000000006,109926.74999999999,792705.450000001
2018-10-15 23:00:00,38368.080000000016,113821.94999999998,701961.9000000011
2018-11-05 00:00:00,24925.47999999999,79414.95999999993,621524.630000001
2018-11-05 01:00:00,25362.930000000008,78950.73000000003,580274.9000000022
2018-11-05 02:00:00,25408.480000000003,78926.3799999999,561065.0300000008
2018-11-05 03:00:00,25301.810000000005,78559.82999999994,557512.4499999995
2018-11-05 04:00:00,25424.690000000013,78745.03999999998,572008.2500000009
2018-11-05 05:00:00,25859.889999999985,75945.63999999997,596201.0700000013
2018-11-05 06:00:00,28417.420000000053,80987.50999999995,594843.6399999999
2018-11-05 07:00:00,31021.450000000015,83623.76999999996,652474.1300000022
2018-11-05 08:00:00,31987.119999999963,83114.65999999999,730661.3700000007
2018-11-05 09:00:00,34340.40000000002,85957.78000000009,800382.550000001
2018-11-05 10:00:00,36440.549999999996,90893.28000000004,852294.91
2018-11-05 11:00:00,37364.35999999998,91161.16999999995,903402.9900000006
2018-11-05 12:00:00,37700.41000000003,91608.78000000001,922256.4500000004
2018-11-05 13:00:00,36839.58000000001,90161.54000000001,904381.7000000018
2018-11-05 14:00:00,34465.920000000035,91445.00999999994,874561.9299999997
2018-11-05 15:00:00,34747.46999999999,94005.67000000001,853109.01
2018-11-05 16:00:00,34561.55999999996,94676.80000000005,840137.3200000003
2018-11-05 17:00:00,33178.869999999995,95082.54999999999,890268.0300000005
2018-11-05 18:00:00,33076.13000000003,95278.72000000004,1003159.9500000009
2018-11-05 19:00:00,32989.72999999998,95825.15000000004,990606.2000000004
2018-11-05 20:00:00,33555.86,95367.68999999999,928857.110000001
2018-11-05 21:00:00,36302.47,95604.53000000007,841101.5000000015
2018-11-05 22:00:00,38972.390000000036,100515.57,740279.060000001
2018-11-05 23:00:00,38982.45,102259.10999999999,653865.7200000008
2018-11-12 00:00:00,25331.08000000001,114687.7300000001,643834.0000000001
2018-11-12 01:00:00,24863.509999999987,113334.52000000002,609896.0000000023
2018-11-12 02:00:00,24890.759999999995,112247.48999999996,588655.1100000016
2018-11-12 03:00:00,25430.98000000001,112366.06999999995,579061.5600000012
2018-11-12 04:00:00,26911.97000000001,112684.2899999999,595351.6100000012
2018-11-12 05:00:00,29453.750000000007,112965.96999999997,617727.8300000008
2018-11-12 06:00:00,32064.590000000033,112187.60999999991,620725.2500000016
2018-11-12 07:00:00,35767.87999999999,117396.06000000004,682343.3400000005
2018-11-12 08:00:00,37928.149999999994,117768.50999999998,756457.7500000008
2018-11-12 09:00:00,39653.77000000004,120795.65000000011,822445.4300000004
2018-11-12 10:00:00,42094.96000000002,123159.64999999998,876246.0900000015
2018-11-12 11:00:00,41098.53000000004,120280.07999999999,926398.7700000006
2018-11-12 12:00:00,41165.840000000026,121559.31999999988,961447.550000001
2018-11-12 13:00:00,40148.709999999955,119405.60999999996,930369.2700000004
2018-11-12 14:00:00,37818.469999999994,114135.01000000005,892438.6100000017
2018-11-12 15:00:00,36925.44999999999,118466.02999999996,865185.9600000009
2018-11-12 16:00:00,36454.17000000002,118446.28999999995,846377.5200000014
2018-11-12 17:00:00,36561.29999999999,118444.81999999995,893797.740000002
2018-11-12 18:00:00,36766.96999999998,117898.49000000008,1023193.2700000008
2018-11-12 19:00:00,37508.88,116391.11999999992,1019008.5300000018
2018-11-12 20:00:00,37782.54999999998,114237.20999999995,950733.3300000017
2018-11-12 21:00:00,38648.87000000002,114056.14999999992,873040.7700000004
2018-11-12 22:00:00,40649.52000000002,117140.36999999995,783200.900000002
2018-11-12 23:00:00,41783.93999999999,121393.09000000001,697246.5800000008
2018-12-08 00:00:00,32858.339999999975,72650.74000000003,694861.6600000003
2018-12-08 01:00:00,32135.74999999997,79153.92999999995,645411.8099999996
2018-12-08 02:00:00,32292.529999999977,85843.48000000001,617161.73
2018-12-08 03:00:00,31575.549999999985,89466.17000000006,603504.2000000001
2018-12-08 04:00:00,31742.729999999992,91034.02000000003,617707.0700000005
2018-12-08 05:00:00,31271.090000000004,85067.85999999993,638804.2299999993
2018-12-08 06:00:00,34412.52000000002,86658.4800000001,646585.2900000006
2018-12-08 07:00:00,37299.460000000014,87376.88,714974.5200000005
2018-12-08 08:00:00,38871.559999999976,84880.81000000013,798839.8699999993
2018-12-08 09:00:00,40476.48000000002,86726.4600000001,855989.2699999993
2018-12-08 10:00:00,41704.729999999945,87186.52999999994,892043.3499999996
2018-12-08 11:00:00,43029.83999999994,88521.38999999996,937584.8099999994
2018-12-08 12:00:00,42588.490000000056,90528.12000000002,951843.0599999985
2018-12-08 13:00:00,40788.53000000006,88860.5299999999,936184.9499999997
2018-12-08 14:00:00,36724.41000000001,97419.88999999997,910232.8300000004
2018-12-08 15:00:00,36242.15000000012,101101.31000000001,893976.1400000008
2018-12-08 16:00:00,34757.61000000001,101283.02000000005,881068.2000000015
2018-12-08 17:00:00,35343.61000000002,97339.97999999998,903036.93
2018-12-08 18:00:00,35802.35000000004,93797.94000000013,1030573.5400000005
2018-12-08 19:00:00,34170.16,96242.78999999994,1015671.950000001
2018-12-08 20:00:00,32253.559999999983,95416.31000000003,967238.9900000013
2018-12-08 21:00:00,30131.209999999977,91035.57999999999,899614.8799999995
2018-12-08 22:00:00,28620.619999999988,86545.66999999995,822022.8500000013
2018-12-08 23:00:00,27424.009999999962,88474.93999999997,751829.2500000003
2018-12-25 00:00:00,19552.349999999988,50287.199999999975,710903.57
2018-12-25 01:00:00,19161.19999999997,52441.46000000001,674570.780000001
2018-12-25 02:00:00,18755.92,54019.129999999976,644298.6300000004
2018-12-25 03:00:00,19504.629999999983,49959.960000000014,620452.7200000009
2018-12-25 04:00:00,19399.11999999999,46576.27000000006,610194.2600000009
2018-12-25 05:00:00,21536.61000000001,45620.26000000002,610217.3699999998
2018-12-25 06:00:00,21218.00000000001,45723.69999999997,568245.5900000001
2018-12-25 07:00:00,21955.29999999997,45301.02000000001,589544.6100000006
2018-12-25 08:00:00,23124.500000000007,44161.08000000004,637715.1499999997
2018-12-25 09:00:00,24966.679999999964,44498.779999999984,687646.2499999999
2018-12-25 10:00:00,25673.439999999948,46722.009999999995,734273.4000000003
2018-12-25 11:00:00,26790.150000000027,48964.10000000003,780344.5200000008
2018-12-25 12:00:00,27499.6,50467.97999999998,806682.2300000003
2018-12-25 13:00:00,27706.150000000012,50882.440000000024,808486.400000001
2018-12-25 14:00:00,27838.11999999998,49431.22,787166.5600000003
2018-12-25 15:00:00,27706.65,49871.399999999965,772045.87
2018-12-25 16:00:00,27170.929999999993,52614.790000000015,760160.5100000008
2018-12-25 17:00:00,26836.719999999998,50276.78999999996,762673.1000000006
2018-12-25 18:00:00,26853.99,51775.08000000002,896062.3400000007
2018-12-25 19:00:00,26442.12000000001,49224.49999999998,925698.1500000001
2018-12-25 20:00:00,26198.44000000001,55024.49999999996,887908.1800000004
2018-12-25 21:00:00,27012.760000000035,58967.100000000006,831409.0299999985
2018-12-25 22:00:00,27918.219999999976,63165.68000000008,753894.53
2018-12-25 23:00:00,27276.719999999983,66970.69999999997,680252.1300000009
2019-01-01 00:00:00,19840.749999999978,36224.34999999999,712586.9899999999
2019-01-01 01:00:00,19093.540000000005,35085.53000000002,676704.7400000009
2019-01-01 02:00:00,18897.730000000007,35005.76999999998,644605.090000001
2019-01-01 03:00:00,18834.759999999984,34257.75999999994,619562.06
2019-01-01 04:00:00,18888.410000000007,33721.94,603068.7400000009
2019-01-01 05:00:00,20072.709999999992,33777.89999999999,596642.4599999998
2019-01-01 06:00:00,20236.440000000006,33700.849999999955,550385.9100000004
2019-01-01 07:00:00,21307.36000000001,31183.050000000003,565346.290000001
2019-01-01 08:00:00,21405.91,31216.250000000022,606574.9699999995
2019-01-01 09:00:00,22503.269999999986,29384.61000000001,654905.3199999995
2019-01-01 10:00:00,23232.940000000006,29498.589999999975,700027.2300000004
2019-01-01 11:00:00,23660.17999999998,30733.979999999992,739048.5300000007
2019-01-01 12:00:00,24703.99000000001,32157.73,762963.8300000007
2019-01-01 13:00:00,24578.230000000007,34160.44999999999,765469.8800000006
2019-01-01 14:00:00,24570.869999999995,34028.479999999974,750909.2999999996
2019-01-01 15:00:00,25158.030000000013,34223.85999999999,740959.0099999997
2019-01-01 16:00:00,25187.870000000014,33455.43000000001,732997.080000001
2019-01-01 17:00:00,24682.72000000003,33658.47000000002,735101.6600000004
2019-01-01 18:00:00,25531.42000000003,33488.04000000002,861011.2400000009
2019-01-01 19:00:00,25233.639999999992,35639.01999999995,906133.2200000011
2019-01-01 20:00:00,25083.299999999996,36420.39000000003,872259.3400000003
2019-01-01 21:00:00,25517.010000000006,36978.14000000001,817950.2200000017
2019-01-01 22:00:00,27102.340000000015,41466.619999999995,745383.8199999998
2019-01-01 23:00:00,27509.41000000001,43908.60000000003,667590.6600000008
2019-01-07 00:00:00,33663.94999999997,72645.16999999991,657260.4300000009
2019-01-07 01:00:00,33489.539999999986,71569.01000000004,618434.9000000015
2019-01-07 02:00:00,33102.499999999985,71994.18999999986,597981.4500000003
2019-01-07 03:00:00,32981.999999999985,69026.00000000003,586021.5599999998
2019-01-07 04:00:00,33094.969999999994,71164.86000000002,594729.3900000019
2019-01-07 05:00:00,33271.700000000004,73558.09999999992,622074.7200000004
2019-01-07 06:00:00,35401.229999999996,83539.48999999999,618746.4500000004
2019-01-07 07:00:00,37857.34000000002,88285.85000000005,647580.6099999995
2019-01-07 08:00:00,39515.810000000034,88379.88,707106.3000000007
2019-01-07 09:00:00,40168.87000000004,88942.99999999991,765016.8099999998
2019-01-07 10:00:00,41764.18,89720.23000000004,815169.4199999991
2019-01-07 11:00:00,42765.67,94495.02000000002,868766.6300000006
2019-01-07 12:00:00,43884.22000000001,92843.60999999999,894604.3599999998
2019-01-07 13:00:00,42678.42999999998,86277.35999999993,882264.8899999998
2019-01-07 14:00:00,41662.629999999976,82543.22999999997,849579.8400000012
2019-01-07 15:00:00,40840.789999999986,82282.06999999996,838680.6199999996
2019-01-07 16:00:00,40612.95000000005,82199.46999999996,819193.4700000004
2019-01-07 17:00:00,39511.86999999998,81887.43999999999,826446.1500000004
2019-01-07 18:00:00,33651.619999999966,82481.50999999988,960800.8400000024
2019-01-07 19:00:00,32166.409999999974,85439.17,990265.4299999997
2019-01-07 20:00:00,31583.009999999984,87116.10999999994,939809.3500000008
2019-01-07 21:00:00,31636.799999999977,87716.60000000005,865912.5900000008
2019-01-07 22:00:00,33497.49,93657.65999999996,779900.7000000008
2019-01-07 23:00:00,33666.199999999975,97171.45999999992,697838.2200000018
2019-03-25 00:00:00,25880.539999999986,80941.45000000004,641703.3200000001
2019-03-25 01:00:00,24740.169999999962,81625.71000000004,608136.4100000006
2019-03-25 02:00:00,24643.879999999997,81096.3700000001,584833.9400000005
2019-03-25 03:00:00,25321.49999999999,81558.99000000002,575865.7700000011
2019-03-25 04:00:00,26581.890000000003,80554.8700000001,588578.1900000009
2019-03-25 05:00:00,28053.870000000006,81434.28999999996,615413.0000000013
2019-03-25 06:00:00,29449.420000000002,83051.9900000001,610244.2100000007
2019-03-25 07:00:00,32739.9,82741.8099999999,667627.0700000006
2019-03-25 08:00:00,35787.63999999998,83144.25999999998,741490.5299999999
2019-03-25 09:00:00,36260.15,82984.55000000003,805047.6600000001
2019-03-25 10:00:00,38635.470000000045,88153.54999999997,864972.4999999999
2019-03-25 11:00:00,39747.46000000006,91042.74000000008,913464.7899999998
2019-03-25 12:00:00,39799.799999999996,90307.92999999993,938201.95
2019-03-25 13:00:00,42052.00000000002,88583.14999999994,918561.4899999995
2019-03-25 14:00:00,38500.43000000004,84176.53999999994,891549.8600000012
2019-03-25 15:00:00,35965.02000000001,88311.13999999997,875575.7500000012
2019-03-25 16:00:00,33566.03,89170.81,858557.4199999997
2019-03-25 17:00:00,33133.92000000001,87184.25999999994,882535.9200000006
2019-03-25 18:00:00,33709.899999999994,83462.34000000004,980736.5900000015
2019-03-25 19:00:00,33809.43000000001,86171.44999999997,1012939.7100000007
2019-03-25 20:00:00,34167.979999999974,93041.79999999989,958948.690000001
2019-03-25 21:00:00,34525.83999999999,96344.24000000006,877031.3100000003
2019-03-25 22:00:00,37549.34999999996,102502.09,775810.8700000014
2019-03-25 23:00:00,38544.06000000001,106765.04000000005,692975.7400000002
2019-04-18 00:00:00,32153.539999999997,87620.70000000003,677945.8799999993
2019-04-18 01:00:00,30947.339999999993,88430.07000000011,636063.0800000018
2019-04-18 02:00:00,30592.689999999988,88179.26999999995,610823.8000000007
2019-04-18 03:00:00,31079.490000000005,88131.89,605491.4900000009
2019-04-18 04:00:00,31640.840000000007,84888.13000000003,615628.6700000003
2019-04-18 05:00:00,31995.740000000005,78623.26999999995,637855.9500000007
2019-04-18 06:00:00,32067.740000000013,74116.23000000019,640126.6199999996
2019-04-18 07:00:00,33114.65000000003,73827.89,691680.2599999986
2019-04-18 08:00:00,34613.98000000001,70863.49,757825.7200000016
2019-04-18 09:00:00,35562.98000000005,69971.42999999998,811890.7500000009
2019-04-18 10:00:00,36919.850000000035,70182.18000000002,843998.230000001
2019-04-18 11:00:00,37305.25000000004,72327.93000000007,888167.4000000007
2019-04-18 12:00:00,37713.510000000024,76491.05999999998,914521.5000000003
2019-04-18 13:00:00,36162.23000000002,74947.57000000005,900780.600000001
2019-04-18 14:00:00,33928.09999999998,73724.50000000001,875181.9200000003
2019-04-18 15:00:00,33824.96000000002,76270.57000000005,846638.8700000014
2019-04-18 16:00:00,31864.17,71983.47999999998,821962.7499999995
2019-04-18 17:00:00,29842.859999999986,68737.23000000004,815908.8800000002
2019-04-18 18:00:00,30117.84999999997,66517.11,932886.4800000013
2019-04-18 19:00:00,30397.120000000035,69695.34000000003,963879.1099999995
2019-04-18 20:00:00,29360.179999999982,67769.12000000001,912435.4600000008
2019-04-18 21:00:00,27685.78000000002,66027.26000000004,848295.8400000009
2019-04-18 22:00:00,26252.98999999998,65646.62,778632.2999999999
2019-04-18 23:00:00,24757.630000000016,67312.58999999998,700890.9599999997
2019-04-19 00:00:00,23678.970000000016,66191.22000000003,639247.2800000006
2019-04-19 01:00:00,22937.83,64927.25000000002,601342.63
2019-04-19 02:00:00,22573.200000000004,63276.84,580091.5700000013
2019-04-19 03:00:00,22806.360000000008,62825.87,574371.4700000001
2019-04-19 04:00:00,23543.81,62320.83999999998,580369.1499999991
2019-04-19 05:00:00,24587.729999999992,62021.55999999997,585897.2600000007
2019-04-19 06:00:00,24979.069999999996,58227.67999999995,597877.4899999998
2019-04-19 07:00:00,26251.09000000001,60260.58,658795.7600000008
2019-04-19 08:00:00,27793.05000000002,60818.82000000003,738397.3400000007
2019-04-19 09:00:00,29249.460000000003,61936.23999999998,784355.4000000001
2019-04-19 10:00:00,29953.249999999985,62870.11000000003,792162.9300000007
2019-04-19 11:00:00,31006.570000000007,63062.48000000002,816339.6700000006
2019-04-19 12:00:00,31225.140000000007,61590.749999999956,845679.2600000008
2019-04-19 13:00:00,30783.220000000038,60044.970000000016,842850.8600000006
2019-04-19 14:00:00,30375.60000000004,63743.52000000002,809606.7000000001
2019-04-19 15:00:00,29331.78999999999,67250.07999999997,779577.250000001
2019-04-19 16:00:00,28490.49000000003,64151.84000000004,774005.0300000004
2019-04-19 17:00:00,27999.810000000012,65480.34000000009,789460.9299999999
2019-04-19 18:00:00,27958.85000000002,66133.45000000001,894197.9599999995
2019-04-19 19:00:00,26947.249999999985,64632.58,912819.3500000009
2019-04-19 20:00:00,25869.199999999997,63548.33000000002,869437.9500000002
2019-04-19 21:00:00,25704.57000000002,62360.260000000024,820670.7600000006
2019-04-19 22:00:00,25605.819999999996,59039.599999999984,757161.1500000014
2019-04-19 23:00:00,25475.129999999976,58053.179999999986,692694.57
2019-05-01 00:00:00,35411.549999999996,113862.71999999997,708261.5700000008
2019-05-01 01:00:00,39234.71999999997,113352.41,666281.0699999996
2019-05-01 02:00:00,43019.69999999998,111525.63000000008,641745.8699999991
2019-05-01 03:00:00,34529.350000000006,109849.02000000003,631414.4900000012
2019-05-01 04:00:00,33595.97,106273.0500000001,647040.8199999989
2019-05-01 05:00:00,34359.57999999998,103874.27000000003,669374.1800000003
2019-05-01 06:00:00,35951.73000000005,102197.82999999996,674300.6399999999
2019-05-01 07:00:00,38692.14000000003,104825.39999999992,733606.5400000011
2019-05-01 08:00:00,41013.93000000001,105030.21000000002,808121.6200000006
2019-05-01 09:00:00,43455.310000000034,104817.47999999991,871683.769999999
2019-05-01 10:00:00,45142.270000000055,107853.98000000003,932436.09
2019-05-01 11:00:00,52424.090000000004,107506.27999999994,988494.4799999997
2019-05-01 12:00:00,59337.98000000002,107204.79999999993,1007031.0700000006
2019-05-01 13:00:00,51777.11000000003,105919.10999999994,986101.0400000011
2019-05-01 14:00:00,45122.93,102744.38999999998,953305.4099999998
2019-05-01 15:00:00,43491.1199999999,109584.56000000006,933368.8200000001
2019-05-01 16:00:00,42558.90000000001,111488.02999999996,913335.6900000018
2019-05-01 17:00:00,40707.130000000056,111505.20999999998,905326.3500000007
2019-05-01 18:00:00,40000.37000000003,109096.83,1017480.9599999991
2019-05-01 19:00:00,39129.50999999998,113789.56999999995,1070942.8400000022
2019-05-01 20:00:00,39206.830000000045,112701.95000000003,1027659.6700000009
2019-05-01 21:00:00,39229.01000000003,107812.04000000001,957062.4100000003
2019-05-01 22:00:00,40617.17999999998,109527.33000000003,859994.1900000003
2019-05-01 23:00:00,41400.95999999997,110848.92999999996,765307.4499999989
2019-06-03 00:00:00,25761.240000000005,87558.56999999999,651363.5299999996
2019-06-03 01:00:00,26188.61999999998,76551.82999999996,618316.3400000021
2019-06-03 02:00:00,25164.880000000005,72475.86999999995,590763.8400000002
2019-06-03 03:00:00,27457.63000000003,75875.06999999993,584687.4300000009
2019-06-03 04:00:00,28574.03,78341.52,597068.4500000001
2019-06-03 05:00:00,28450.129999999976,74265.70999999999,613012.6400000011
2019-06-03 06:00:00,29786.420000000002,78391.73000000007,614800.3400000007
2019-06-03 07:00:00,31905.65999999998,82693.71999999997,673591.7800000018
2019-06-03 08:00:00,33319.18999999997,83599.52999999998,753130.2300000023
2019-06-03 09:00:00,34278.73999999999,85749.67000000011,823616.4000000014
2019-06-03 10:00:00,35630.240000000085,93812.74,884387.390000001
2019-06-03 11:00:00,36792.20000000001,100351.56999999999,932832.8500000015
2019-06-03 12:00:00,37404.19,95968.26000000011,953011.6600000006
2019-06-03 13:00:00,37566.259999999995,90036.69999999997,931338.6200000012
2019-06-03 14:00:00,36177.539999999986,91889.18000000002,901495.2300000004
2019-06-03 15:00:00,35659.669999999984,91673.59999999998,876037.8000000005
2019-06-03 16:00:00,35582.49999999994,91262.07999999999,865050.8000000018
2019-06-03 17:00:00,33773.01999999997,92537.8,872350.0700000012
2019-06-03 18:00:00,34571.600000000006,91313.34999999998,981737.2000000015
2019-06-03 19:00:00,34579.36,91751.09999999999,1026932.9000000001
2019-06-03 20:00:00,34053.75999999997,91981.49999999997,970779.5100000008
2019-06-03 21:00:00,34609.78000000002,94217.1,891482.430000002
2019-06-03 22:00:00,36615.36999999998,103339.2399999999,794813.0000000016
2019-06-03 23:00:00,37133.880000000005,107650.56000000017,702707.350000001
2019-06-24 00:00:00,27405.769999999986,94167.79999999989,671795.5000000005
2019-06-24 01:00:00,27226.869999999984,94575.58000000005,630994.3200000009
2019-06-24 02:00:00,26823.329999999984,93840.96999999997,611951.9900000021
2019-06-24 03:00:00,26207.020000000033,93776.78000000009,597671.8300000016
2019-06-24 04:00:00,27713.819999999996,94521.56999999995,610134.3600000008
2019-06-24 05:00:00,30386.749999999985,94619.34000000001,626595.7300000015
2019-06-24 06:00:00,33324.39999999998,104471.56999999992,622236.4100000014
2019-06-24 07:00:00,35523.12000000001,107030.06000000006,685555.2100000008
2019-06-24 08:00:00,37478.20000000001,107456.76999999995,751775.6100000001
2019-06-24 09:00:00,38557.78000000005,110371.93,814073.7100000009
2019-06-24 10:00:00,40180.15999999996,111283.57000000004,870758.0900000003
2019-06-24 11:00:00,41256.59000000001,112811.76000000002,919409.9200000007
2019-06-24 12:00:00,41068.48999999999,112000.65999999996,939160.6100000013
2019-06-24 13:00:00,39188.63000000001,110014.69,915123.8999999998
2019-06-24 14:00:00,37231.29999999998,108247.42999999975,884551.7600000009
2019-06-24 15:00:00,36904.66999999997,111457.8499999999,870589.7600000009
2019-06-24 16:00:00,36202.15999999999,111221.79999999993,859459.0200000008
2019-06-24 17:00:00,34940.01000000004,108080.18,868620.6800000019
2019-06-24 18:00:00,35758.70000000005,105668.37,977981.6800000006
2019-06-24 19:00:00,35669.49,107923.1200000001,1012149.6600000014
2019-06-24 20:00:00,34032.61000000001,109933.15999999996,967920.6400000002
2019-06-24 21:00:00,34761.71000000002,110966.03999999988,878189.2400000007
2019-06-24 22:00:00,38201.970000000016,117546.57000000004,783099.1900000006
2019-06-24 23:00:00,40257.42000000001,121554.36000000004,698706.3700000007
2019-07-01 00:00:00,26233.88000000001,81810.90999999995,679581.2000000012
2019-07-01 01:00:00,25756.260000000006,83570.74000000005,630293.9300000002
2019-07-01 02:00:00,24971.56999999998,82618.53000000007,610436.0200000012
2019-07-01 03:00:00,25174.52,84842.91000000002,606577.4399999995
2019-07-01 04:00:00,26339.15000000002,84872.01000000001,609725.9200000012
2019-07-01 05:00:00,28352.18,83478.31,629570.3700000007
2019-07-01 06:00:00,30143.379999999976,87668.6600000001,629130.9599999989
2019-07-01 07:00:00,32040.290000000008,91350.5700000001,669615.7399999998
2019-07-01 08:00:00,33749.23,86569.51999999999,743482.7500000012
2019-07-01 09:00:00,35440.88999999999,86994.52999999998,798705.2700000007
2019-07-01 10:00:00,37252.33999999998,89864.82,856682.6500000007
2019-07-01 11:00:00,38731.50999999998,91190.79,907228.7999999999
2019-07-01 12:00:00,38350.58999999996,90236.07000000005,933522.3500000001
2019-07-01 13:00:00,37150.57000000001,88361.17000000003,914210.7099999997
2019-07-01 14:00:00,35496.409999999996,85622.58000000002,886938.5200000004
2019-07-01 15:00:00,35169.88999999999,84701.60000000003,862241.3499999994
2019-07-01 16:00:00,34954.83999999997,84685.45000000007,855250.7899999996
2019-07-01 17:00:00,33652.60999999999,83203.81000000019,851653.3599999994
2019-07-01 18:00:00,33604.44,84836.3900000001,959942.1200000008
2019-07-01 19:00:00,33400.23000000001,84544.22000000004,1010048.53
2019-07-01 20:00:00,34291.58000000001,85585.53000000007,965475.6600000004
2019-07-01 21:00:00,35524.48000000001,86336.31000000013,881240.5499999993
2019-07-01 22:00:00,38338.86999999999,94834.09000000001,786495.5899999999
2019-07-01 23:00:00,39868.07999999996,100667.74000000015,707103.0899999997
2019-07-20 00:00:00,40053.850000000006,108018.18000000004,704088.7599999995
2019-07-20 01:00:00,38967.37999999998,106856.28999999994,663087.2700000003
2019-07-20 02:00:00,38129.99,104546.28000000003,632738.5000000005
2019-07-20 03:00:00,37760.50999999994,102931.86000000006,625608.3399999996
2019-07-20 04:00:00,38001.17000000004,102374.52000000003,638776.9699999999
2019-07-20 05:00:00,38095.98000000002,99560.85999999994,668655.41
2019-07-20 06:00:00,40369.86000000002,101891.59999999995,675154.5099999995
2019-07-20 07:00:00,42871.07,104066.66999999997,750234.0099999995
2019-07-20 08:00:00,44568.94000000001,105327.74999999997,836187.6600000005
2019-07-20 09:00:00,45620.33999999998,105978.30999999982,880990.4000000011
2019-07-20 10:00:00,47490.5,107892.58000000005,945437.8400000014
2019-07-20 11:00:00,48052.27999999998,109966.87999999998,985403.2500000002
2019-07-20 12:00:00,46886.380000000085,111007.92000000004,999250.4900000014
2019-07-20 13:00:00,44498.569999999985,107031.55999999997,986678.8300000011
2019-07-20 14:00:00,40222.199999999946,102746.40999999996,940039.4799999997
2019-07-20 15:00:00,39496.05,103088.77000000003,929792.5100000009
2019-07-20 16:00:00,38222.180000000015,100922.20999999996,907226.3599999995
2019-07-20 17:00:00,37290.11000000001,99239.20000000006,884607.2600000005
2019-07-20 18:00:00,37204.45999999998,99902.62000000014,969437.7600000009
2019-07-20 19:00:00,35138.72000000003,98229.04999999996,1035409.4800000006
2019-07-20 20:00:00,32534.230000000003,96557.15999999993,994095.2400000005
2019-07-20 21:00:00,31141.80999999999,89688.56999999995,919575.1900000006
2019-07-20 22:00:00,29612.540000000008,87267.77999999991,842969.8900000016
2019-07-20 23:00:00,27418.940000000002,87946.66000000003,767934.3400000012
2019-08-07 00:00:00,41336.13000000001,130271.78999999995,698343.21
2019-08-07 01:00:00,38905.93999999996,129565.29999999994,651318.5299999998
2019-08-07 02:00:00,38375.41000000002,134890.32,631381.9300000013
2019-08-07 03:00:00,37183.970000000045,133450.90999999995,624062.8200000008
2019-08-07 04:00:00,38784.22000000004,130926.51000000001,641842.4899999994
2019-08-07 05:00:00,39465.79999999997,127587.96000000004,661371.4000000017
2019-08-07 06:00:00,41205.290000000015,129800.42999999983,670030.050000002
2019-08-07 07:00:00,45010.24999999998,131932.41000000006,730135.7100000002
2019-08-07 08:00:00,47185.79,132927.6999999999,812215.7600000006
2019-08-07 09:00:00,49044.62999999997,128165.62000000007,872501.0400000006
2019-08-07 10:00:00,51045.71000000003,130998.74999999994,936148.4400000002
2019-08-07 11:00:00,52287.63,131527.37999999998,992518.1899999997
2019-08-07 12:00:00,52149.04,130894.51999999993,1014819.9000000008
2019-08-07 13:00:00,48487.63000000003,128927.67999999995,976983.27
2019-08-07 14:00:00,44227.20000000006,123273.85000000005,948178.64
2019-08-07 15:00:00,42561.72999999998,124067.99999999997,926823.7099999986
2019-08-07 16:00:00,42191.53000000002,128630.24000000002,908591.2499999995
2019-08-07 17:00:00,40757.39,130994.48,893984.5100000015
2019-08-07 18:00:00,40375.92000000007,129739.7299999999,985557.0199999998
2019-08-07 19:00:00,38675.88000000003,130380.03999999995,1053259.8900000013
2019-08-07 20:00:00,37632.49999999997,131154.2099999999,1013211.5100000012
2019-08-07 21:00:00,38955.77999999998,128590.39999999995,944319.1499999994
2019-08-07 22:00:00,43594.819999999985,133795.9799999999,845475.5700000006
2019-08-07 23:00:00,44795.320000000036,137698.29000000018,751871.0099999999
2019-08-19 00:00:00,34083.880000000005,101290.67,680481.1200000007
2019-08-19 01:00:00,32967.420000000006,100548.11000000007,639180.4000000012
2019-08-19 02:00:00,32865.82999999999,100449.97,616995.4100000015
2019-08-19 03:00:00,32539.609999999997,101064.35000000012,605053.9399999996
2019-08-19 04:00:00,33144.79999999998,100384.51000000014,620439.3099999997
2019-08-19 05:00:00,35930.23999999997,100123.44000000013,630073.8700000021
2019-08-19 06:00:00,38792.82999999996,103788.55000000002,630063.4600000004
2019-08-19 07:00:00,42366.53000000004,108200.28999999994,687701.7700000011
2019-08-19 08:00:00,43970.119999999995,109275.53999999998,766815.5000000002
2019-08-19 09:00:00,45479.04000000001,110479.49999999999,830518.2
2019-08-19 10:00:00,47512.70000000002,116653.31000000008,884097.630000002
2019-08-19 11:00:00,48159.85999999995,114595.01000000008,935614.03
2019-08-19 12:00:00,48636.490000000005,109968.47,968536.9400000018
2019-08-19 13:00:00,48738.63000000001,109805.65000000002,943446.4300000006
2019-08-19 14:00:00,47068.23999999998,107443.70999999996,910020.5000000015
2019-08-19 15:00:00,46546.61999999996,108099.59000000003,887717.9100000018
2019-08-19 16:00:00,45802.43000000001,105807.46999999991,873165.0800000007
2019-08-19 17:00:00,44709.23999999994,105958.98999999985,870949.67
2019-08-19 18:00:00,44351.28000000001,107433.22999999997,969016.8900000004
2019-08-19 19:00:00,44227.81999999997,109714.22999999997,1025185.0700000004
2019-08-19 20:00:00,43823.36000000005,110152.52999999991,981804.470000001
2019-08-19 21:00:00,44895.549999999996,113139.76000000001,896983.4099999999
2019-08-19 22:00:00,46519.240000000005,124656.84000000004,797949.3000000009
2019-08-19 23:00:00,48034.29999999998,129598.66000000008,709828.3500000011
2019-10-14 00:00:00,27529.749999999996,101062.46999999997,656144.5000000012
2019-10-14 01:00:00,26272.88999999999,101595.11,613932.3600000006
2019-10-14 02:00:00,26056.659999999978,95516.71999999999,594730.5000000003
2019-10-14 03:00:00,26252.370000000006,96345.24000000009,587140.6299999997
2019-10-14 04:00:00,27723.85999999996,98353.85999999999,600259.7500000006
2019-10-14 05:00:00,29519.020000000004,97236.58000000009,622796.5400000012
2019-10-14 06:00:00,30997.849999999984,104577.55000000015,615389.2900000014
2019-10-14 07:00:00,33894.41000000002,107859.88999999997,668608.7599999999
2019-10-14 08:00:00,34954.14999999995,106202.77999999998,732995.9400000009
2019-10-14 09:00:00,35452.83999999996,107810.31999999996,798168.2300000009
2019-10-14 10:00:00,36836.54000000004,110487.86000000006,855457.2399999998
2019-10-14 11:00:00,44753.230000000025,112329.64000000001,916231.7400000003
2019-10-14 12:00:00,53063.86000000002,112073.99000000015,939276.8900000001
2019-10-14 13:00:00,52224.880000000005,109765.71999999994,923461.3000000017
2019-10-14 14:00:00,50814.94000000003,106528.82999999997,886147.730000001
2019-10-14 15:00:00,49088.18999999997,108528.99999999994,872512.4100000014
2019-10-14 16:00:00,49972.87000000007,111381.2199999999,855114.7400000007
2019-10-14 17:00:00,49166.39999999997,107908.11000000006,872170.270000001
2019-10-14 18:00:00,49743.07999999996,108658.65999999997,1008758.5300000006
2019-10-14 19:00:00,49745.109999999986,109956.93999999999,1008582.4000000018
2019-10-14 20:00:00,50010.34000000005,112526.1699999999,961317.3500000018
2019-10-14 21:00:00,51326.38000000004,113514.65999999996,870298.3300000009
2019-10-14 22:00:00,53667.14000000005,124060.8199999999,778140.4900000002
2019-10-14 23:00:00,53868.520000000026,125882.67999999998,695812.1900000002
2019-11-04 00:00:00,26654.199999999975,115808.85000000002,660453.5300000015
2019-11-04 01:00:00,26087.519999999986,114854.52999999991,618358.8900000006
2019-11-04 02:00:00,25796.750000000022,114676.09999999996,598584.8000000004
2019-11-04 03:00:00,25700.680000000004,105714.99999999994,593644.9499999987
2019-11-04 04:00:00,27725.720000000012,111157.21999999988,608734.4800000017
2019-11-04 05:00:00,29528.159999999996,109099.74999999993,631195.0200000012
2019-11-04 06:00:00,32386.400000000016,117607.29000000005,631656.990000001
2019-11-04 07:00:00,36114.75,121611.55999999995,694084.1400000011
2019-11-04 08:00:00,36588.84999999998,121703.74999999994,772449.9100000012
2019-11-04 09:00:00,37868.83999999999,119934.11999999991,834547.0300000014
2019-11-04 10:00:00,40536.33999999994,123658.65999999984,894352.1000000002
2019-11-04 11:00:00,42273.16000000002,124216.95999999996,940716.5099999997
2019-11-04 12:00:00,42216.46000000006,119999.45999999996,973719.3200000013
2019-11-04 13:00:00,41112.54999999999,120654.77999999988,948228.5200000001
2019-11-04 14:00:00,39283.55,118155.26000000008,913163.0699999995
2019-11-04 15:00:00,37904.01000000004,116420.24999999985,893205.7300000022
2019-11-04 16:00:00,37874.800000000025,113026.39000000001,877804.8400000012
2019-11-04 17:00:00,37883.73000000004,112363.52000000006,920054.8700000005
2019-11-04 18:00:00,38799.66999999996,110298.48,1029178.6200000002
2019-11-04 19:00:00,38203.850000000006,111355.36,1032451.0199999999
2019-11-04 20:00:00,38240.36000000004,116429.23999999987,977640.1700000006
2019-11-04 21:00:00,37232.79000000004,119618.47999999997,892101.6900000004
2019-11-04 22:00:00,40195.29000000002,127241.17000000004,798636.3500000008
2019-11-04 23:00:00,39699.139999999985,131511.5700000001,711195.8700000008
2019-11-11 00:00:00,27966.47000000002,121658.58000000003,658903.6900000011
2019-11-11 01:00:00,27360.65,120246.92000000001,615907.2100000004
2019-11-11 02:00:00,26644.059999999983,120476.63000000008,592916.3700000012
2019-11-11 03:00:00,27046.98000000002,116945.30000000013,589091.6300000014
2019-11-11 04:00:00,27157.219999999994,117090.25,598212.9700000002
2019-11-11 05:00:00,28233.81999999998,117113.3899999999,631018.4900000017
2019-11-11 06:00:00,31312.369999999966,120149.75000000007,632465.8500000009
2019-11-11 07:00:00,34748.180000000044,125225.44000000002,686178.760000002
2019-11-11 08:00:00,36578.360000000095,125878.52999999997,766639.7000000008
2019-11-11 09:00:00,37656.88999999996,128539.75000000003,829951.9200000002
2019-11-11 10:00:00,39564.15000000004,131904.10999999996,888920.3100000009
2019-11-11 11:00:00,40938.96000000003,138420.2099999999,946746.1900000016
2019-11-11 12:00:00,40056.43000000002,138427.78000000003,960938.5100000006
2019-11-11 13:00:00,38323.29000000005,136158.48000000004,941956.4400000022
2019-11-11 14:00:00,35973.109999999986,133293.64000000007,912372.6000000034
2019-11-11 15:00:00,35170.60000000005,138326.7900000001,893453.0300000018
2019-11-11 16:00:00,34612.669999999955,133020.5300000001,877334.910000002
2019-11-11 17:00:00,33365.11,127256.34999999999,906646.9100000008
2019-11-11 18:00:00,33754.079999999994,121569.30000000002,1030880.0700000023
2019-11-11 19:00:00,32657.199999999997,120465.22000000003,1033122.0500000013
2019-11-11 20:00:00,33338.17999999998,122647.24999999987,979470.7700000007
2019-11-11 21:00:00,32790.909999999996,112027.93,901854.2400000001
2019-11-11 22:00:00,36331.34000000001,124136.32000000007,809683.590000001
2019-11-11 23:00:00,39561.76999999994,130213.66,726299.1700000013
2019-12-08 00:00:00,28827.87999999999,117207.09000000008,697315.380000001
2019-12-08 01:00:00,27077.07999999998,115878.10999999987,649775.130000002
2019-12-08 02:00:00,26182.040000000023,114904.19999999988,622233.5400000016
2019-12-08 03:00:00,26401.940000000013,115369.86999999997,604861.2499999993
2019-12-08 04:00:00,26848.749999999985,111989.77000000002,609911.7200000015
2019-12-08 05:00:00,28017.860000000004,108683.94999999995,624793.4600000001
2019-12-08 06:00:00,29802.839999999982,114547.4300000002,618943.0200000014
2019-12-08 07:00:00,31730.079999999994,118509.74000000005,675472.2500000003
2019-12-08 08:00:00,33458.36999999998,119948.02000000006,734629.3700000008
2019-12-08 09:00:00,34978.10000000004,122640.74000000003,788055.8799999994
2019-12-08 10:00:00,37471.69000000006,126232.63000000015,839527.3200000005
2019-12-08 11:00:00,38693.729999999945,128840.76000000005,884108.7900000005
2019-12-08 12:00:00,38384.77000000001,124972.5900000001,906519.4500000003
2019-12-08 13:00:00,37731.63999999995,122534.53000000001,901667.4199999995
2019-12-08 14:00:00,35187.929999999986,120027.95000000001,889995.6199999995
2019-12-08 15:00:00,35082.260000000024,121029.74000000003,869994.7500000007
2019-12-08 16:00:00,33966.15,122414.69999999995,854183.8700000005
2019-12-08 17:00:00,32996.52,121510.04999999996,861480.0400000005
2019-12-08 18:00:00,33901.07000000001,123447.82,985353.1400000015
2019-12-08 19:00:00,32426.12999999999,124021.07000000005,984112.3500000002
2019-12-08 20:00:00,32679.810000000005,122780.86000000007,939247.4700000002
2019-12-08 21:00:00,33598.62999999997,123902.64999999992,880949.3999999999
2019-12-08 22:00:00,36840.33999999998,133846.2200000001,815070.5900000015
2019-12-08 23:00:00,39088.64999999997,139617.35000000015,734499.7600000012
2019-12-25 00:00:00,20478.310000000016,55419.91,747457.5600000006
2019-12-25 01:00:00,20552.099999999966,56162.28999999995,715299.6400000006
2019-12-25 02:00:00,20600.070000000007,56666.36999999995,681164.24
2019-12-25 03:00:00,20536.769999999997,52903.569999999985,656741.790000001
2019-12-25 04:00:00,20720.080000000005,56263.030000000006,641389.020000002
2019-12-25 05:00:00,21081.18,55417.38000000002,642788.040000002
2019-12-25 06:00:00,21593.12,55404.62000000002,605342.040000001
2019-12-25 07:00:00,22314.919999999984,56719.61000000005,627239.5299999999
2019-12-25 08:00:00,23453.840000000004,58018.20999999996,678304.1700000017
2019-12-25 09:00:00,24812.169999999966,56658.069999999956,722061.2800000012
2019-12-25 10:00:00,26430.080000000024,58524.85,761840.8500000006
2019-12-25 11:00:00,26566.449999999983,57930.89,804478.63
2019-12-25 12:00:00,27292.66,58689.539999999964,837553.7100000007
2019-12-25 13:00:00,28826.609999999986,58550.01999999999,836587.0900000002
2019-12-25 14:00:00,29813.539999999986,57721.07000000001,822047.7800000014
2019-12-25 15:00:00,29865.33999999999,59092.53999999999,812377.8399999995
2019-12-25 16:00:00,28469.29999999999,60704.76999999996,808271.1100000008
2019-12-25 17:00:00,28525.99999999998,61612.08999999996,817186.8800000012
2019-12-25 18:00:00,28441.51999999999,62824.669999999984,932831.0000000002
2019-12-25 19:00:00,27706.74000000001,62247.86000000003,944508.3499999997
2019-12-25 20:00:00,27884.94,63621.830000000045,916944.8000000011
2019-12-25 21:00:00,28638.390000000003,62929.73999999998,857496.1999999994
2019-12-25 22:00:00,28872.34000000004,66970.46,782720.350000001
2019-12-25 23:00:00,27461.21000000001,73484.69000000002,702550.4500000017
2020-01-01 00:00:00,20718.169999999995,39923.31999999994,716745.8299999996
2020-01-01 01:00:00,20647.129999999965,38980.009999999966,685121.2600000008
2020-01-01 02:00:00,19811.419999999984,37672.899999999994,644182.3600000013
2020-01-01 03:00:00,19264.010000000006,38029.73999999996,628049.5600000008
2020-01-01 04:00:00,20056.88000000001,39630.509999999995,612232.8800000007
2020-01-01 05:00:00,21203.789999999968,38879.75999999997,613422.1900000011
2020-01-01 06:00:00,20779.62999999998,40731.18000000003,574402.3300000005
2020-01-01 07:00:00,21361.020000000033,40626.46000000002,578294.3600000003
2020-01-01 08:00:00,23083.459999999985,38828.99000000002,612296.0699999995
2020-01-01 09:00:00,24290.389999999992,38426.71000000001,658196.7600000004
2020-01-01 10:00:00,24820.509999999987,38287.56000000004,703402.710000001
2020-01-01 11:00:00,25541.030000000013,38820.44000000003,748216.0500000012
2020-01-01 12:00:00,26168.579999999973,40140.34999999999,776037.610000001
2020-01-01 13:00:00,26398.729999999996,41028.67999999994,788181.0099999998
2020-01-01 14:00:00,28120.27999999999,41673.57000000005,772312.9900000006
2020-01-01 15:00:00,28091.350000000002,41782.03000000003,762800.3799999992
2020-01-01 16:00:00,28210.600000000013,41344.84000000001,756939.23
2020-01-01 17:00:00,28663.139999999967,42263.54000000003,772083.5600000005
2020-01-01 18:00:00,28880.509999999984,42642.22,886662.7900000003
2020-01-01 19:00:00,28913.15000000002,45679.68000000001,893032.100000001
2020-01-01 20:00:00,27894.72999999997,49095.050000000054,868556.1000000007
2020-01-01 21:00:00,27873.78999999999,51953.60000000001,803798.4500000019
2020-01-01 22:00:00,27699.77999999998,56741.21000000005,738433.2800000004
2020-01-01 23:00:00,27361.659999999996,58071.89000000003,667069.5600000006
2020-01-06 00:00:00,32098.439999999966,88501.72000000003,672103.3300000009
2020-01-06 01:00:00,31893.749999999996,88189.74000000008,623904.9499999998
2020-01-06 02:00:00,32098.479999999974,88854.25999999997,606955.5699999996
2020-01-06 03:00:00,32075.480000000014,90450.80000000009,592127.930000001
2020-01-06 04:00:00,33306.759999999966,84807.18000000002,599988.6600000006
2020-01-06 05:00:00,35674.40999999994,84185.68000000012,627060.4399999998
2020-01-06 06:00:00,38715.12999999997,87655.96999999999,611410.7699999991
2020-01-06 07:00:00,41522.04999999995,90184.60000000006,653234.33
2020-01-06 08:00:00,43524.85999999993,92487.75000000007,711780.0899999994
2020-01-06 09:00:00,43720.339999999946,94119.36999999994,776772.3300000002
2020-01-06 10:00:00,46733.81000000001,95979.00000000012,822532.4400000011
2020-01-06 11:00:00,47241.170000000035,96905.64000000004,879245.9900000001
2020-01-06 12:00:00,46920.94,97272.3599999998,903504.5300000007
2020-01-06 13:00:00,45473.229999999996,94291.82000000008,893237.8600000005
2020-01-06 14:00:00,45228.6,90997.27000000005,871763.8
2020-01-06 15:00:00,44281.70999999998,93464.30000000002,853042.7800000007
2020-01-06 16:00:00,44434.279999999984,91049.69000000006,841375.9100000004
2020-01-06 17:00:00,43692.00999999998,87494.48000000003,840128.8099999999
2020-01-06 18:00:00,43612.7,88210.04999999992,955123.1300000005
2020-01-06 19:00:00,43123.539999999935,90900.46000000002,993793.6100000021
2020-01-06 20:00:00,42386.059999999954,86384.36,954422.190000002
2020-01-06 21:00:00,42817.969999999994,89887.69999999992,886450.4400000011
2020-01-06 22:00:00,43916.820000000065,102284.78000000001,796506.5899999999
2020-01-06 23:00:00,43116.54999999997,107580.78999999995,706199.0
